PL_Code,Description,Movement_Status,Inventory_Aging_Class,Inventory_Value,Operational_ABC,Source_Universe
781508540015,CHAIR FOR DATALOGGER,Dead Stock,Dead Stock,2400.0,C,Operational
781508550010,CHAIR TUBULAR ARM WITH NYLON SEAT,Dead Stock,Dead Stock,5800.0,C,Operational
783000281273,Rack wooden FOR BOOKS,Slow Moving,Very Slow Moving,1000.0,C,Operational
783000631338,TABLE WOODEN WITH  FOUR DRAWER,Dead Stock,Dead Stock,750.0,C,Operational
783000631727,TABLE WOODEN TW,Dead Stock,Dead Stock,3650.0,C,Operational
783004240010,TRAY DEAL WOOD,Dead Stock,Dead Stock,800.0,C,Operational
783100277395,TABLE TUBULAR STEEL,Dead Stock,Dead Stock,1200.0,C,Operational
787902510010,GLASS FRONTED BOX FOR KEYS,Dead Stock,Dead Stock,500.0,C,Operational
789024500018,IRON RACK SKELETON TYPE 10'X6',Dead Stock,Dead Stock,10500.0,C,Operational
869022810017,CUP BOARD  EMPTY AXLE COUNTER  EVALUATER RACK,Dead Stock,Dead Stock,1200.0,C,Operational
902900130011,RACK STEEL For KEEPING FILE 4 PLANS,Dead Stock,Dead Stock,1500.0,C,Operational
909001290010,RACK BOILER TUBE WITH 6 PARTITION,Dead Stock,Dead Stock,4500.0,C,Operational
909001300015,RACK For OFFICE FILE,Dead Stock,Dead Stock,6750.0,C,Operational
909001310010,RACK STEEL TO DRG NO OJA/31/61,Dead Stock,Dead Stock,4500.0,C,Operational
909001320014,SHEET IRON BATTERY BOX( CUP BOARD),Dead Stock,Dead Stock,9000.0,C,Operational
451700030960,Battery Box Wooden for 3 Cells,Slow Moving,Very Slow Moving,0.0,C,Operational
469034151893,TABLE STEEL EXECUTIVE,Dead Stock,Dead Stock,1000.0,C,Operational
469034500012,UNVERSAL AXLE COUNTER RACK (EMPTY RELEASED USED AS  CUP BOARD),Dead Stock,Dead Stock,1000.0,C,Operational
559000770019,RACK BOILER TUBE WITH 4 PARTITION,Dead Stock,Dead Stock,4000.0,C,Operational
657901430017,IRON RACK 3TIER 6' X 6',Dead Stock,Dead Stock,20000.0,C,Operational
781009670010,CUP BOARD T/W SLIDING DOOR 04 SHELVES,Dead Stock,Dead Stock,300.0,C,Operational
781009680014,CUP BOARD T/W SLIDING DOORS 24 PIEGION HOLES,Dead Stock,Dead Stock,300.0,C,Operational
781010270018,SHELF WOODEN WITH PARTITION,Dead Stock,Dead Stock,750.0,C,Operational
781010280012,STOOL  Wooden LOCALY MADE,Dead Stock,Dead Stock,2250.0,C,Operational
781506340096,TABLE STEEL TUBULAR,Dead Stock,Dead Stock,1000.0,C,Operational
781508520016,Furniture Steel.(Almirah steel 1980 x 915 x 485),Slow Moving,Very Slow Moving,12700.0,C,Operational
781508530010,Furniture Steel. (Almirah steel for datalogger),Dead Stock,Dead Stock,3000.0,C,Operational
679001590014,Tarpauline for Lorry,Dead Stock,Dead Stock,1000.0,C,Operational
655900010011,LORRY  KL-9B 681,Dead Stock,Dead Stock,0.0,C,Operational
570102270010,Printer Deskjet/Inkjet(Epson),Dead Stock,Dead Stock,23630.0,C,Operational
539871380026,Rodent Repellent Electronic,Dead Stock,Dead Stock,12980.0,C,Operational
539871380026,Rodent Repellent Electronic,Dead Stock,Dead Stock,12980.0,C,Operational
472200010271,UPS -1000VA(36VDC/230V-AC),Dead Stock,Dead Stock,4000.0,C,Operational
469035027200,ELECTRONIC DIGITAL VERNIER CALIPER 0 MM-150 MM,Dead Stock,Dead Stock,945.0,C,Operational
539812601010,MAINTAINER HEAD LAMP,Dead Stock,Dead Stock,5848.0,C,Operational
729079690012,CALCULATOR,Dead Stock,Dead Stock,600.0,C,Operational
439900100017,Auqaguard UV water purifier,Dead Stock,Dead Stock,1500.0,C,Operational
657901291431,Weighing Machine 30 Kg,Dead Stock,Dead Stock,2299.0,C,Operational
551200011370,LOCK PAD 35MM,Dead Stock,Dead Stock,484.0,C,Operational
729081591716,LOCK PAD IRON 50 mm,Dead Stock,Dead Stock,450.0,C,Operational
729081591716,LOCK PAD IRON 50 mm,Dead Stock,Dead Stock,450.0,C,Operational
539803231771,LOCK GODREJ NAVTAL PAD  85MM WITH KEY,Dead Stock,Dead Stock,400.0,C,Operational
909001330019,LOCK PAD IRON 65MM,Dead Stock,Dead Stock,83.0,C,Operational
539860180069,LOCK PAD Godrej square lock 6 levers (50MM),Dead Stock,Dead Stock,779.0,C,Operational
620706500058,Lock Pad Godrej 40mm,Dead Stock,Dead Stock,100.0,C,Operational
657900290819,TOOL GRINDER BENCH TYPE WITH 8 INCH STONE,Dead Stock,Dead Stock,2500.0,C,Operational
602590680503,BAR CROW,Dead Stock,Dead Stock,300.0,C,Operational
560604892384,HAMMER SLEDGE-5LBS,Dead Stock,Dead Stock,300.0,C,Operational
559000790195,PLIER GRIP Miscellaneous.,Dead Stock,Dead Stock,1500.0,C,Operational
559000780013,CEREMONIAL LEVER,Dead Stock,Dead Stock,2000.0,C,Operational
543500030019,Aluminium LADDER 18',Dead Stock,Dead Stock,700.0,C,Operational
539802990017,DIGITAL INSULATION TESTER(100v),Dead Stock,Dead Stock,0.0,C,Operational
539800290016,Aluminium folding ladder (6'),Dead Stock,Dead Stock,2000.0,C,Operational
539800230019,SEAL BRASS (5/8),Dead Stock,Dead Stock,250.0,C,Operational
509040800606,PULLY BLOCK-4,Dead Stock,Dead Stock,250.0,C,Operational
469040561003,Oil Drainer(70 suit 205 L Cap drum),Dead Stock,Dead Stock,50.0,C,Operational
469034982523,HACK SAW FRAME (SAW FRAME FOR METAL CUTTING),Dead Stock,Dead Stock,150.0,C,Operational
469028772605,ALUMINIUM LADDER SELF SUPPORTING SIZE 8 FEET,Dead Stock,Dead Stock,500.0,C,Operational
430200020035,Digital Multimeter make Rishi,Dead Stock,Dead Stock,9000.0,C,Operational
430199810015,Clamp Multimeter/Tester (Digital),Dead Stock,Dead Stock,0.0,C,Operational
429079130015,"Soldering iron, 65 Watt",Dead Stock,Dead Stock,0.0,C,Operational
869022070617,PIPE WRENCH SIZE 12'',Dead Stock,Dead Stock,1100.0,C,Operational
741400050013,Measuring vessel 2L,Dead Stock,Dead Stock,50.0,C,Operational
762197820237,ANGLE GRINDER 100mm,Dead Stock,Dead Stock,2000.0,C,Operational
739900010019,Drill chuck with socket,Dead Stock,Dead Stock,900.0,C,Operational
727902129820,SPANNER ADJUSTABLE 10,Dead Stock,Dead Stock,600.0,C,Operational
660400010015,BY CYCLE-22',Dead Stock,Dead Stock,600.0,C,Operational
669020170011,Bench Vise 4,Dead Stock,Dead Stock,3000.0,C,Operational
673500020118,Hand Cart with tyre and wheels,Dead Stock,Dead Stock,5500.0,C,Operational
720597144353,RING SPANNER 6-32 MM,Dead Stock,Dead Stock,400.0,C,Operational
720616502547,Sealing Plier,Dead Stock,Dead Stock,3000.0,C,Operational
721800040199,NOSE PLIER  8/6,Dead Stock,Dead Stock,80.0,C,Operational
723870600763,Spade (Mammatty) with handle,Dead Stock,Dead Stock,50.0,C,Operational
723870940021,mamatty,Dead Stock,Dead Stock,150.0,C,Operational
725073550518,Spring balance,Dead Stock,Dead Stock,0.0,C,Operational
725073720011,WEIGHING MACHINE(300kg),Dead Stock,Dead Stock,5500.0,C,Operational
725800107319,Measuring tape 50 Mtr Fiber glass,Dead Stock,Dead Stock,800.0,C,Operational
725807470018,0028-MEASURING TAPE 5MTS LONG,Dead Stock,Dead Stock,190.0,C,Operational
727901710015,Drilling Machine 31MM(230v) with stand,Dead Stock,Dead Stock,5000.0,C,Operational
570106430019,Desk Top Computer with preloaded operating system,Dead Stock,Dead Stock,64445.0,C,Operational
570132251492,All in One PC,Slow Moving,Very Slow Moving,202025.0,B,Operational
570186760029,UPS I KVA,Slow Moving,Slow Moving,9000.0,C,Operational
230201270112,EMPTY CAN - 10 LTR,Dead Stock,Dead Stock,120.0,C,Operational
839097770035,DS 8 FORM (S- 1539/DS),Slow Moving,Very Slow Moving,0.0,C,Operational
838000370058,Medical Index card,Slow Moving,Very Slow Moving,0.0,C,Operational
839098350029,Stock Indent,Slow Moving,Very Slow Moving,0.0,C,Operational
838000320109,INDENT FORMS T-136,Dead Stock,Dead Stock,100.0,C,Operational
831100640020,DMTR REGISTER,Dead Stock,Dead Stock,0.0,C,Operational
83070552,CHALLAN BOOK  (ST-47Stores Depot ChallanA4O/SBksPrinting in Bi-lingual (Hindi and Eng....,Slow Moving,Very Slow Moving,637.0,C,Operational
83060420,STE-2Failure ReportA5O/SBksPrinting in Bi-ilingual (Hindi and English as per specimen....,Slow Moving,Very Slow Moving,0.0,C,Operational
830599000335,Medical Identity card (G:415),Slow Moving,Very Slow Moving,0.0,C,Operational
83059131,83052100 ; S-1302 ; REQUISITION FOR STORES (NS) INDENT 100 PAGES VALUE UPTO 20000/-  A5 B/....,Slow Moving,Very Slow Moving,0.0,C,Operational
83058618,"PAD DRAFT (100 SHEETS EACH) OF WHITE PRINTING PAPER R A4 SIZE,60 GSM TO IS.1848 AND THE BR....",Active,Monitor,204.1,C,Operational
83058473,S&T-R-30:-  Joint Inspection Book A4 B/S Bks. . Printing in Bi-lingual (Hindi and English....,Slow Moving,Very Slow Moving,0.0,C,Operational
83057225,FILE COVER THIN (FILE BOOKS FILE COVER WITH 1.3 CM WIDETAPE & 2 TAGS 50 CM OR OVER THIN 2....,Active,Monitor,1742.78,C,Operational
83057213,FILE COVER THICK  (FILE BOOKS FILE COVERS WITH 1.3cm WIDE TAPE AND TWO TAGS 50cm COVER THI....,Active,Active,1656.9,C,Operational
83055587,BOOK ROULED 100 PAGES   ONE QUIRE NOTE BOOK EACH OF 100 PAGES SIZE 33 CM LENGTH X 20.5 CM....,Active,Active,487.6,C,Operational
83055575,TWO QUIRE NOTE BOOK EACH OF 200 PAGES SIZE 33 CM LENGTH X 20.5 CM WIDTH PRINT WITH RULE IN....,Active,Monitor,724.22,C,Operational
83055563,(1)DESCRIPTION :BOOK RULED 3 QUIRE(2)SIZE  : 21CMS X 29.7 CMS (TRIMMED) (150 LEAVES PER BO....,Active,Active,1392.49,C,Operational
83055551,FOUR QUIRE NOTE BOOK EACH OF 400 PAGES SIZE 33 CM LENGTH X 20.5 CM  WIDTH. PRINT WITH RULE....,Active,Monitor,1614.1,C,Operational
83054110,"ENVOLOPE SMALL  (ENVELOPES MADE OF BROWN WRAPPER DOUBLE IMPERIAL, RIBBED KRAFT TO SIZE 26....",Dead Stock,Dead Stock,0.0,C,Operational
83053013,G-60 ; MUSTER ROLL A4 B/S BKS Printing in Bi-lingual(Hindi and English as perspeci....,Slow Moving,Slow Moving,272.0,C,Operational
83052057,G-375Receipt and Despatch RegisterA4B/SBKSPrinting in Bi-lingual (Hindi and English a....,Slow Moving,Very Slow Moving,0.0,C,Operational
83051661,G-49 ;83051661 ATTENDANCE REGISTER ; 9X12 B/S BOOKS  Printing in Bi-lingual (Hindi a....,Active,Monitor,181.76,C,Operational
83051454,83051454 ; G-6 L ; T.A JOURNAL / LARGE ; A4 B/S L Printing in Bi-lingual (Hindi and E....,Active,Monitor,70.0,C,Operational
83050796,DISCOONECTION RECONNECTION REGISTER T.351[S&T],Slow Moving,Very Slow Moving,118.0,C,Operational
83050280,VEHICLE LOG BOOK (CE-485Staff Car Log BookA4B/SLPrinting in Bi-lingual (Hindi and En....,Slow Moving,Very Slow Moving,0.0,C,Operational
83049400,PLAIN COPIER PAPER GSM 80+/-4% IN SIZE OF 210 X 297 MM (A4 SIZE) CONFORMING TO IS:14490/19....,Active,Active,3156.94,C,Operational
83042416,"PAPER DUPLICATING WHITE SEMI ABSORBENT SIZE A3,75 GSM TO 29.7 X 42 CM 9.35 KGS PER 1000 SH....",Active,Monitor,284.41,C,Operational
83031091,CA-52Register of Expenditure of New Minor workA4B/SBKSPrinting in Bi-lingual (Hindi a....,Dead Stock,Dead Stock,0.0,C,Operational
461994153135,JOINT INSPECTION (POINT & CROSSING),Slow Moving,Very Slow Moving,0.0,C,Operational
829001030023,NON STOCK INDENT 1302 A ( Pink+White),Slow Moving,Very Slow Moving,0.0,C,Operational
83030062,"83030062G-2Imprest Cash Book, A4 B/S Book Printing in Bi-lingual (Hindi and Englis....",Slow Moving,Very Slow Moving,0.0,C,Operational
83030268,S&T-IB(II)Signal Failure Inspection BookA4B/SBksPrinting in Bi-lingual (Hindi and Eng....,Slow Moving,Very Slow Moving,645.0,C,Operational
81050999,TOILET SOAP-TO BE SUPPLIED IN THE FORM OF SMOOTH CAKES OF MINIMUM 100 GRAMS EACH SECURELY ....,Active,Active,285.9,C,Operational
92111002,"HIGH SPEED DIESEL (HSD): IS:1460-2005 (5th Revision or latest) Amendment No.3, Sept, 12",Dead Stock,Dead Stock,0.0,C,Operational
81050264,DETERGENT BAR 250 GMS TO BRAND  RIN/HENKO/TIDE  AS IN ORIGINAL PACKING,Active,Monitor,1511.37,C,Operational
80090436,KEROSENE OIL,Dead Stock,Dead Stock,0.0,C,Operational
80010295,"INTERNAL COMBUSTION ENGINE CRANK CASE OILS - Gr. SAE-40 TO IS: 13656/2002, TYPE EDL-2 (API....",Dead Stock,Dead Stock,0.0,C,Operational
79511843,WASTE COTTON WHITE UNTEASED  TO IS. 6612/79 OR LATEST.,Slow Moving,Very Slow Moving,1047.2,C,Operational
79511740,WASTE COTTON COLOURED TO IS 5485/80 OR LATEST.,Slow Moving,Slow Moving,317.25,C,Operational
79333485,DUSTERS  COTTON KHADI  61 cms  x 61cms  SPECN: DUSTERS CLOTH COTTON KHADI BLEACHED  TO IS.....,Active,Monitor,422.94,C,Operational
793152030029,Safety Shoe,Dead Stock,Dead Stock,0.0,C,Operational
79010866,"DUNGRY CLOTH COTTON KHADI BLEACHED TO IS: 3778-1993,AMENDMENT-1 IN A PIECE LENGTH OF 10 TO....",Active,Active,1818.6,C,Operational
79010805,"DUNGRI CLOTH, COTTON KHADI, BLUE 91 CM WIDE TO SPEC.NO.IS:3778 / 1993 WITH AMENDMENT No.1,....",Active,Monitor,0.0,C,Operational
78010512,"GLASS TUMBLER 260 ML CAPACITY WITH IR"" TOTEM OF RDSO SKETCH 68060 ALT.2.",Slow Moving,Slow Moving,0.0,C,Operational
75544453,TWINE COUNTRY JUTE 3PLY TO IS.SPECN.NO.1912/84 VARIETY NO.6.,Active,Active,1397.97,C,Operational
71080326,BROOMS COCOA WELL CLEANED & DRIED FROM THE STEMS OF COCONUT LEAVES 20cms CIRCUMFERENCE AT ....,Active,Monitor,1137.6,C,Operational
71050802,"Brushes wire (steel), foundry, flat with wooden handle stamped IR on the handle to IS:4301....",Dead Stock,Dead Stock,0.0,C,Operational
71010397,"BRUSHES, PAINTS & VARNISHES, FLAT SIZE 100mm OF VULCANIZED RUBBER SETTING TYPE TO SPECN.IS....",Slow Moving,Very Slow Moving,957.37,C,Operational
71010373,"BRUSHES, PAINTS & VARNISHES, FLAT SIZE 75mm OF VULCANIZED RUBBER SETTING TYPE TO SPECN.IS:....",Slow Moving,Very Slow Moving,0.0,C,Operational
71010350,"BRUSHES, PAINTS & VARNISHES, FLAT SIZE 50mm OF VULCANIZED RUBBER SETTING TYPE TO SPECN.IS:....",Active,Monitor,3220.16,C,Operational
71010348,"BRUSHES, PAINTS & VARNISHES, FLAT SIZE 38mm OF VULCANIZED RUBBER SETTING TYPE TO SPECN.IS:....",Active,Monitor,1634.3,C,Operational
71010336,"BRUSHES, PAINTS & VARNISHES, FLAT, SIZE 25mm OF VULCANIZED RUBBER SETTING TYPE TO SPECN.IS....",Slow Moving,Very Slow Moving,815.04,C,Operational
570100230173,PRINTER INK BOTTLE FOR PRINTER EPSON L 380,Dead Stock,Dead Stock,0.0,C,Operational
81070317,LIQUID ANTISEPTIC DETTOL IN PHIALS OF 50 ML.,Active,Monitor,75.38,C,Operational
45174416,.....,Slow Moving,Very Slow Moving,0.0,C,Operational
45174416,.....,Slow Moving,Very Slow Moving,0.0,C,Operational
41095066,"PRESSURE SENSITIVE ADHESIVE (PVC) TAPE FOR ELECTRICAL PURPOSED FLAME RETARDANT, THICKNESS ....",Active,Monitor,332.81,C,Operational
81050525,LIQUID HAND WASH OF BRAND MEDIMIX(OR) HOMOCOL (OR) DETTOL (OR) LIFEBUOY WITH A PERFUME OF ....,Active,Monitor,599.15,C,Operational
83904839,TAG COTTON WHITE 30 CMS LONG IN BUNDLES OF 100 NOS. EACH (SHOE LACE PATTERN) CSO/M.077).,Active,Monitor,465.3,C,Operational
80090400,"Superior Kerosene Oil (SKO)- Non-PDS, IS: 1459: 2016  3rd  Revision.",Active,Monitor,934.62,C,Operational
83049502,PLAIN COPIER PAPER GSM 80+/-4% IN SIZE OF 420 X 297 MM (A3 SIZE) CONFORMING TO IS:14490/19....,Active,Monitor,1751.81,C,Operational
83903112,"PINS IN PACKETS OF 25 GMS, PLATED 2.5 CM LONG IS.5653/88 TO CSO/VOC NO. M.046.",Active,Monitor,0.0,C,Operational
83904827,TAG COTTON WHITE 60 CM LONG IN BUNDLES OF 100 EACH (SHOE LACE PATTERN ).,Active,Monitor,602.27,C,Operational
77032007,"ENAMEL, SYNTHETIC, EXTERIOR, FINISHING, 'BLACK'.  SPECIFICATION:  IS:8662\04 & ICF\MD\SPEC....",Dead Stock,Dead Stock,0.0,C,Operational
77032500,"ENAMEL, SYNTHETIC, EXTERIOR, FINISHING 'GOLDEN YELLOW' TO ISC-356 OF IS:5/2007.  SPECIFICA....",Active,Monitor,2472.4,C,Operational
77033000,"PAINT ENAMEL, SYNTHETIC, EXTERIOR, FINISHING 'SIGNAL RED' TO ISC-537 OF IS.5\2007'.  SPECI....",Dead Stock,Dead Stock,0.0,C,Operational
77093306,PAINT ALUMINIUM FOR GENERAL PURPOSE IN DUAL CONTAINER TO IS:2339/1963 (reaffirmed 2009) Am....,Dead Stock,Dead Stock,0.0,C,Operational
77091310,"PAINT READY MIXED RED OXIDE (ISC 446) BRUSHING, FINISHING, GLOSSY FOR GENERAL PURPOSES TO ....",Dead Stock,Dead Stock,0.0,C,Operational
77091607,PAINT READY MIXED BRUSHING FINISHING EXTERIOR SEMI GLOSS FOR GENERAL PURPOSE BLACK TO IS. ....,Slow Moving,Very Slow Moving,0.0,C,Operational
77033255,"ENAMEL, SYNTHETIC,  EXTERIOR, FINISHING 'WHITE' .  SPECIFICATION: - IS.8662/04 & ICF/MD/SP....",Dead Stock,Dead Stock,0.0,C,Operational
569005440010,Aluminium boom 9.76 Mtr for Electric lifting barrier,Slow Moving,Very Slow Moving,0.0,C,Operational
759099220013,Acetal Bushes for D BRACKET & CRANKS,Dead Stock,Dead Stock,1900.0,C,Operational
567910680010,ANNOUNCIATOR   - 6 way,Active,Active,0.0,C,Operational
549008190016,AEROW PLATE FOR SIGNAL MISCELLANEOUS.,Dead Stock,Dead Stock,0.0,C,Operational
539812641007,ANNOUNCIATOR 4 WAY,Dead Stock,Dead Stock,0.0,C,Operational
539812641070,ANNOUNCIATOR 8 WAY,Active,Monitor,18700.0,C,Operational
602699740014,BATTERY CHARGER 110v/12v/10amps,Dead Stock,Dead Stock,0.0,C,Operational
901100480016,BOARD C MARKER,Dead Stock,Dead Stock,5250.0,C,Operational
901301030014,(Board G marker),Slow Moving,Very Slow Moving,1500.0,C,Operational
901301040019,Board P Marker,Dead Stock,Dead Stock,500.0,C,Operational
565000095620,B Type Choke,Active,Active,129303.77,C,Operational
56500350,BATTERY CHARGER 110V AC 24V DC 30 AMPS TO SPECN.IRS-S-86/2000.WITH AMENDMENT-4 or latest.,Active,Monitor,221570.62,B,Operational
56500361,Battery Charger 230V/24V 50 amps. As per RDSO Specn. No. IRS.S.86/2000 (Amndt.-4) or lates....,Slow Moving,Slow Moving,0.0,C,Operational
56500452,BATTERY CHARGER 230V AC 110V DC 30 AMPS SPECN.No.IRS-S-86/2000 WITH AMENDMENT - 4. OR LATE....,Slow Moving,Very Slow Moving,122906.7,C,Operational
565010000010,Bracket for A marker,Slow Moving,Slow Moving,700.0,C,Operational
565010000010,Bracket for A marker,Slow Moving,Slow Moving,700.0,C,Operational
565010000010,Bracket for A marker,Slow Moving,Slow Moving,700.0,C,Operational
565010000010,Bracket for A marker,Slow Moving,Slow Moving,700.0,C,Operational
565010000010,Bracket for A marker,Slow Moving,Slow Moving,700.0,C,Operational
56509935,BATTERY CHARGER 230V AC / 24V DC 20 AMPS for Axle counter application TO RDSO SPECN.IRS.S.....,Dead Stock,Dead Stock,153896.84,C,Operational
565099636670,BATTERY CHARGER 110V/24/20A,Slow Moving,Very Slow Moving,0.0,C,Operational
565110000018,Battery box wooden to hold 3 cells,Dead Stock,Dead Stock,0.0,C,Operational
565110000018,Battery box wooden to hold 3 cells,Dead Stock,Dead Stock,0.0,C,Operational
565110000018,Battery box wooden to hold 3 cells,Dead Stock,Dead Stock,0.0,C,Operational
565110000018,Battery box wooden to hold 3 cells,Dead Stock,Dead Stock,0.0,C,Operational
565110000018,Battery box wooden to hold 3 cells,Dead Stock,Dead Stock,0.0,A,Operational
565110000018,Battery box wooden to hold 3 cells,Dead Stock,Dead Stock,0.0,C,Operational
56010011,BLOCK INSTRUMENT DOUBLE LINE - SGE,Active,Active,1356819.25,A,Operational
560200060022,BLV Contact Spring 145/146 for SGE.,Slow Moving,Very Slow Moving,250.0,C,Operational
56160010,Battery Charger 230V/24V 30 amps. As per RDSO Specn. No. IRS.S.86/2000 (Amndt.-4) or lates....,Dead Stock,Dead Stock,0.0,C,Operational
56160100,Battery Charger 230V  AC /24V DC 40 amps. to RDSO Specn. No. IRS.S.86/2000 (Amndt.-4) or l....,Slow Moving,Slow Moving,900234.0,A,Operational
540100050018,Block Bell equipment,Slow Moving,Very Slow Moving,0.0,C,Operational
541002290010,Bond wire clip,Slow Moving,Very Slow Moving,0.0,C,Operational
420433530046,STYORAGE BATTERY 12V 65 AH EXIDE,Slow Moving,Very Slow Moving,0.0,C,Operational
469000017328,VRLA Battery  2v  200 AH,Active,Monitor,0.0,C,Operational
469056800016,BLOCK INSTRUMENT FM TYPE,Active,Active,0.0,C,Operational
52156618,BATTERY CHARGER 230V AC / 24V DC 20 AMPS TO RDSO SPECN.IRS.S.86/2000 AMENDMENT NO.4 OR LAT....,Active,Active,75000.0,C,Operational
539800219048,Storage Battery  12V 80AH,Active,Monitor,0.0,C,Operational
603224571002,CRANK HANDLE GUIDE PLATE,Dead Stock,Dead Stock,0.0,C,Operational
909001280016,COLLER FOR PANNEL WITH LINE BLOCK STICKER,Slow Moving,Slow Moving,800.0,C,Operational
564680690014,CLS unit 4 Aspect,Dead Stock,Dead Stock,12000.0,C,Operational
56501006,PVC INSULATED CABLE 24C x 1.5 sq.mm,Active,Active,30719.84,C,Operational
56501018,PVC INSULATED CABLE 30C x 1.5 sq.mm,Slow Moving,Slow Moving,0.0,C,Operational
56507641,CHANNEL BOND PIN SINGLE GROOVE 7 mm DIA FOR 4 mm DIA BOND WIRE TO IRS-S-17-75 AND RDSO DRG....,Active,Active,68364.0,C,Operational
56509959,PVC INSULATED CABLE 12C x 1.5 sq.mm,Active,Active,0.0,C,Operational
56509960,PVC INSULATED CABLE  2C x 25 sq.mm,Active,Active,89226.91,C,Operational
567911540013,CURRENT REGULATOR SPARE,Dead Stock,Dead Stock,0.0,C,Operational
56110029,PVC INSULATED ARMOURED UNSCREENED UNDERGROUND POWER CABLE 3 C X 10 SQ.MM,Slow Moving,Very Slow Moving,238760.94,B,Operational
56119033,CABLE PVC INSULATED ARMOURED UNSCREENED RAILWAY SIGNALLING CABLE OF SIZE 19C x 1.5sqmm (RE....,Slow Moving,Very Slow Moving,0.0,C,Operational
56119537,PVC INSULATED CABLE 2C x 2.5 sq.mm,Active,Active,1157949.36,A,Operational
561548470010,CELL SECONDARY 4V/12AH,Dead Stock,Dead Stock,0.0,C,Operational
561800330011,CHANGE OVER SWITCH 1 WAY,Dead Stock,Dead Stock,4000.0,C,Operational
539818910375,2V/300AH SECONDARY CELLS,Slow Moving,Slow Moving,0.0,C,Operational
539820850015,CRANK ADJUSTABLE 12 X 18,Slow Moving,Very Slow Moving,8101.8,C,Operational
539820850015,CRANK ADJUSTABLE 12 X 18,Slow Moving,Very Slow Moving,8101.8,C,Operational
539826141002,CT Box  CAST IRON,Dead Stock,Dead Stock,2400.0,C,Operational
539826141002,CT Box  CAST IRON,Dead Stock,Dead Stock,2400.0,C,Operational
539896950811,CLS Unit 3 Aspect Main signal unit (FRP),Active,Active,755460.0,A,Operational
542100010067,Vertical Crank 300x300mm,Dead Stock,Dead Stock,0.0,C,Operational
542100010079,Ordinary Crank 12 X 12,Dead Stock,Dead Stock,0.0,C,Operational
542100010079,Ordinary Crank 12 X 12,Dead Stock,Dead Stock,0.0,C,Operational
542218842640,Control Panel for EOLB,Slow Moving,Slow Moving,0.0,C,Operational
555400140081,CLS POST 3.6 M,Active,Monitor,0.0,C,Operational
559000680018,CONTACT MAKER FOR BLOCK INSTRUMENT,Dead Stock,Dead Stock,0.0,C,Operational
401107470011,INDOOR CABLE 60 Core,Active,Monitor,11000.0,C,Operational
420294190010,CHANGE OVER SWITCH ROTARY TYPE 60A,Slow Moving,Very Slow Moving,5000.0,C,Operational
420427940015,Contact Maker 4 Way,Slow Moving,Very Slow Moving,0.0,C,Operational
460501250650,CONTACT RESISTANCE TEST PANEL FOR RELAYS (RELAY TEST KIT),Dead Stock,Dead Stock,0.0,C,Operational
501000400948,CT BOX MS SHEET IRON,Slow Moving,Very Slow Moving,0.0,C,Operational
50540324,LOW MAINTENANCE LEAD ACID  STATIONARY SECONDARY CELLS  2V/80 AH CAPACITY,Active,Monitor,0.0,C,Operational
50541523,LOW MAINTENANCE LEAD ACID STATIONARY SECONDARY CELLS 2V /120 AH,Active,Active,336838.05,B,Operational
50550081,LOW MAINTENANCE LEAD ACID STATIONARY SECONDARY CELLS 2V/ 200AH CAPACITY.,Active,Monitor,523374.6,B,Operational
539805041006,Crank Handle FOR POINT MACHINE,Dead Stock,Dead Stock,7500.0,C,Operational
539812820017,CLS 2 ASPECT,Slow Moving,Very Slow Moving,6000.0,C,Operational
569019735451,DWC PIPE 103.5mm inner dia & 120 mm outer dia 6 MTRS Long,Active,Active,140929.06,C,Operational
72207413,"DRILL TWIST H.S.S. STRAIGHT SHANK JOBBERS"" 7.2 MM TO IS: 5101/1969, 5099/1983.",Slow Moving,Very Slow Moving,9058.5,C,Operational
725800037706,DIAL TENSION GAUGE (50-500Gram),Slow Moving,Very Slow Moving,0.0,C,Operational
725800137490,DIGITAL MULTIMETER (Fluke 117/EM ESP),Dead Stock,Dead Stock,0.0,C,Operational
565172840016,DATALOGGER Dual Internal Modem Card,Slow Moving,Very Slow Moving,0.0,C,Operational
565172841318,Data Logger AC DC CONVERTOR EFFTRONICS,Slow Moving,Very Slow Moving,0.0,C,Operational
560100140019,DYNAMIC HAND SET UNI PCB For Block Instruments?Double Line.,Slow Moving,Very Slow Moving,0.0,C,Operational
560608800010,Data logger EFFTRONICS GDT CARD,Slow Moving,Very Slow Moving,0.0,C,Operational
539830780010,DC-DC converterIP24VOP24-30/1AMP,Dead Stock,Dead Stock,192000.0,B,Operational
541500150015,Detection Roller for IRS Point Machine,Slow Moving,Very Slow Moving,15750.0,C,Operational
549006090018,Deflector Plate,Active,Active,3600.0,C,Operational
462100772318,D Bracket Cover (Protection cover for switch extension bracket LH and RH with safety faste....,Active,Monitor,25436.1,C,Operational
500500680420,Split DWC pipe of 120/103 mm each having 2 meter length,Active,Active,164500.0,C,Operational
503523410921,DIGITAL VOICE ANNOUNCIATION UNIT,Active,Active,8917.0,C,Operational
539802223183,Dynamic Hand Set For Double line Block instrument,Active,Active,0.0,C,Operational
539806735760,Drill bits 7.2 mm,Active,Active,5817.5,C,Operational
539818390010,DIGITAL VOICE ANNOUNCIATOR SYSTEM AMPLIFIER,Dead Stock,Dead Stock,0.0,C,Operational
539818390010,DIGITAL VOICE ANNOUNCIATOR SYSTEM AMPLIFIER,Dead Stock,Dead Stock,0.0,C,Operational
539818400014,DIGITAL VOICE ANNOUNCIATOR SYSTEM DRIVER UNIT,Dead Stock,Dead Stock,0.0,C,Operational
539818400014,DIGITAL VOICE ANNOUNCIATOR SYSTEM DRIVER UNIT,Dead Stock,Dead Stock,0.0,C,Operational
539818410019,DIGITAL VOICE ANNOUNCIATOR SYSTEM  HORN,Dead Stock,Dead Stock,0.0,C,Operational
539818410019,DIGITAL VOICE ANNOUNCIATOR SYSTEM  HORN,Dead Stock,Dead Stock,0.0,C,Operational
567912680050,EOLB WRONG ITEM(AMOUNT),Dead Stock,Dead Stock,0.0,C,Operational
567912680062,"Electrical Lifting Barrier  gate 9.76 Mtrs,(Pedestal assly,Meeting post assly,Boom assly)",Active,Monitor,0.0,C,Operational
569005440125,Spare  EOLB for Heidz make- Friction clutch sub assembly,Active,Active,0.0,C,Operational
569005440137,Spare EOLB for Heidz Make - Crank handle,Active,Active,0.0,C,Operational
570109490659,Embedded PC (KYOSAN ),Slow Moving,Slow Moving,0.0,C,Operational
602590760602,Spare EOLB for Hiedz make - Boom Lock Hook with out Magnet.,Active,Active,0.0,C,Operational
620702277053,EARTH PIPE GI,Slow Moving,Slow Moving,859.15,C,Operational
772800030181,Epoxy Paint Glossy,Slow Moving,Very Slow Moving,0.0,C,Operational
839096165867,Spare EOLB for Heidz make- Cam for Limit switch  on  BOOM shaft,Active,Active,33276.0,C,Operational
565000043096,Spare EOLB for Hiedz Make - New Magnet Switch set for Boom Lock,Active,Active,0.0,C,Operational
565094353426,Spare EOLB for Hiedz make - Plug in Relay 11 Pin,Active,Active,0.0,C,Operational
565198791367,EKT/RKT,Active,Monitor,0.0,C,Operational
567902160227,Spare (EOLB) of Heidz make- New solenoid lock assembly/ Boom rest complete set.,Active,Active,272580.0,B,Operational
567902160239,Spare EOLB Heidz make - Gear box assembly complete set. Counter Balance Weight Large 8 N....,Active,Active,244307.2,B,Operational
567902160240,Spare EOLB Heidz make - Gear box assembly,Active,Active,0.0,C,Operational
567908478663,ELECTROMAGNETIC COUNTER/ VEEDER COUNTER,Active,Active,2107.04,C,Operational
560609140133,Spare EOLB Heidz make - Boom light Box 24V DC,Active,Active,0.0,C,Operational
539851050057,Boom for EOLB GATE(Octagonal),Active,Active,93942.1,C,Operational
539853730163,EI  Spare cards (KYOSON),Slow Moving,Very Slow Moving,0.0,C,Operational
542218843012,Spare EOLB of Heidz make - Stop board 600mm Dia,Active,Active,34515.0,C,Operational
542218843024,Spare EOLB for Heidz make- Limit switch Lever type,Active,Active,0.0,C,Operational
542218843036,Spare EOLB For Hiedz make - Timing Belt L 300,Active,Active,0.0,C,Operational
542218843048,"Spare EOLB for hiedz make - Panel LED Indication (Yellow, Green).",Active,Active,0.0,C,Operational
542218843050,Spare EOLB for Hiedz make - Push button element  01 NC,Active,Active,0.0,C,Operational
542218843061,Spare EOLB for Hiedz make - Spare magnet for magnet switch set,Active,Active,0.0,C,Operational
542218843073,Spare EOLB for Hiedz make - MSR Relay 24 VDC,Active,Active,0.0,C,Operational
542223490079,Spare EOLB for Hiedz - Motor Contractor 9A 24V DC,Active,Active,0.0,C,Operational
551200010066,E TYPE LOCKS OF VARIOUS WARDS,Dead Stock,Dead Stock,0.0,C,Operational
553000290016,ED  ELECTRICAL POINT AND LOCK DETECTOR,Dead Stock,Dead Stock,8000.0,C,Operational
421900280624,Spare EOLB For Hiedz make - Push button Actuator,Active,Active,8673.0,C,Operational
421900280636,Spare EOLB for Hiedz make - Boom lock SLD (Solenoid) Coil 24 VDC,Active,Active,0.0,C,Operational
508200010447,MAINTENANCE FREE special Earthing arrangement ( Earthing arrangements(Copper bonded stee....,Active,Active,18572.64,C,Operational
508503570810,ELD (Earth Leakage Detector)-8 Channel,Slow Moving,Very Slow Moving,0.0,C,Operational
508503570822,ELD (Earth Leakage Detector)-12 Channel,Slow Moving,Very Slow Moving,0.0,C,Operational
539816660010,ELETROLYTIC CAPACITOR 5000 MFD,Dead Stock,Dead Stock,0.0,C,Operational
539817610025,EWS LOCK,Slow Moving,Very Slow Moving,0.0,C,Operational
567912450019,Fit and forget lead/Bond wire of 1.5mtr length,Slow Moving,Very Slow Moving,0.0,C,Operational
569003010012,FIRE ALARM SOUNDER CUM STROBE Miscellaneous.,Dead Stock,Dead Stock,30000.0,C,Operational
569003010012,FIRE ALARM SOUNDER CUM STROBE Miscellaneous.,Dead Stock,Dead Stock,30000.0,C,Operational
569003020017,FIRE ALARM MANUAL CALL POINT Miscellaneous.,Slow Moving,Very Slow Moving,3820.0,C,Operational
569003020017,FIRE ALARM MANUAL CALL POINT Miscellaneous.,Slow Moving,Very Slow Moving,3820.0,C,Operational
569003030552,FIRE ALARM CABLE 2 X 1.5 SQMM UNARMOURED Cable,Slow Moving,Very Slow Moving,86064.0,C,Operational
569005430016,Fit and forget lead wire 3mtr length,Active,Active,4561.6,C,Operational
901100170817,FENCING FOR LOCATION BOX,Active,Monitor,24067.36,C,Operational
565010000010,FUSE HRC 32 Amps MISCELLANEOUS APPLIANCES.,Slow Moving,Very Slow Moving,0.0,C,Operational
565010000010,FUSE HRC 32 Amps MISCELLANEOUS APPLIANCES.,Slow Moving,Very Slow Moving,0.0,C,Operational
565010000010,FUSE HRC 32 Amps MISCELLANEOUS APPLIANCES.,Slow Moving,Very Slow Moving,0.0,C,Operational
565010000010,FUSE HRC 32 Amps MISCELLANEOUS APPLIANCES.,Slow Moving,Very Slow Moving,0.0,C,Operational
565010000010,FUSE HRC 32 Amps MISCELLANEOUS APPLIANCES.,Slow Moving,Very Slow Moving,0.0,C,Operational
56502540,FUSE ND TYPE 6 AMPS CAPACITY.,Active,Active,86641.85,C,Operational
56502576,FUSE ND TYPE 16 AMPS CAPACITY,Active,Active,26189.63,C,Operational
56502606,FUSE ND TYPE 10 AMPS CAPACITY.,Active,Active,159580.01,C,Operational
565099840017,Fuse HRC 10 Amps,Slow Moving,Very Slow Moving,0.0,C,Operational
567908386859,FUSE BLOCK PBT TYPE,Dead Stock,Dead Stock,0.0,C,Operational
559000710096,Transmitter (TX) and Receiver (RX) sets of token less single line FM Block instrument of C....,Dead Stock,Dead Stock,0.0,C,Operational
560408770060,FRMC MODULE FOR EI ( KYOSAN),Active,Monitor,800000.0,A,Operational
560610230020,Fit and forget 4mm dia Lead wire- 2 metres long,Active,Active,10606.25,C,Operational
561301001009,Filter Unit for Block Instrument,Slow Moving,Slow Moving,30680.0,C,Operational
564100260010,Fuse ND 100 M amps,Slow Moving,Very Slow Moving,0.0,C,Operational
539841501095,Fuse PPTC 4 Amps,Active,Active,1752.5,C,Operational
539850510012,Fuse HRC 63Amps,Slow Moving,Very Slow Moving,0.0,C,Operational
540100090016,FM Transmitter 1800Hz,Active,Monitor,18511.25,C,Operational
540100100010,FM Receiver 1800Hz,Slow Moving,Slow Moving,0.0,C,Operational
540100110015,FM Receiver 2700Hz,Active,Monitor,0.0,C,Operational
543100040010,Foundation A type,Dead Stock,Dead Stock,13032.0,C,Operational
543100040010,Foundation A type,Dead Stock,Dead Stock,13032.0,B,Operational
545100180073,Fit and forget bond  wire 2 Mtr length,Active,Active,0.0,C,Operational
549008250013,MISCELLANEOUS. (FOOT REST PLANK FOR LEVER FRAME),Dead Stock,Dead Stock,1000.0,C,Operational
559000700017,FM Transmitter and receiver 1800 HZ,Dead Stock,Dead Stock,0.0,C,Operational
559000710011,FM transmitter and receiver coil 2700 HZ.,Dead Stock,Dead Stock,0.0,C,Operational
559000710035,FM transmitter 2700 HZ.,Active,Monitor,0.0,C,Operational
400580173311,FIRE ALARM 25MM RED COLOURED PVC PIPE,Slow Moving,Very Slow Moving,17723.44,C,Operational
420802310027,FUSE ND 4 AMPS CAPACITY,Active,Active,209514.4,B,Operational
420893040014,Fuse ND 1 amps,Dead Stock,Dead Stock,0.0,C,Operational
539817380019,ND FUSE 2 AMPS,Active,Active,255580.92,B,Operational
539817400018,FUSE PPTC 2 Amps,Active,Active,0.0,C,Operational
539817560010,FUSE PPTC 6 Amps,Slow Moving,Slow Moving,0.0,C,Operational
549007470017,Goods Warning Board,Slow Moving,Slow Moving,100900.0,C,Operational
549007470017,Goods Warning Board,Slow Moving,Slow Moving,100900.0,C,Operational
549007470017,Goods Warning Board,Slow Moving,Slow Moving,100900.0,C,Operational
549007470017,Goods Warning Board,Slow Moving,Slow Moving,100900.0,C,Operational
560603820869,L Bracket for GROUND CONNECTION,Dead Stock,Dead Stock,200.0,C,Operational
563000013100,Galvanised ground connection for 143 MM point machine,Active,Active,158812.82,C,Operational
549008200010,GRS BOX RTU TYPE,Dead Stock,Dead Stock,0.0,C,Operational
549008200010,GRS BOX RTU TYPE,Dead Stock,Dead Stock,0.0,B,Operational
549008200010,GRS BOX RTU TYPE,Dead Stock,Dead Stock,0.0,C,Operational
501000262618,GI pipe 75 MM RLD,Slow Moving,Very Slow Moving,0.0,C,Operational
501000262618,GI pipe 75 MM RLD,Slow Moving,Very Slow Moving,0.0,C,Operational
81032213,GRAPHITE POWDER GRADE-II 20% ASH CONTENT FOR USE AS FOUNDRY FACING MATERIAL TO SPECN. NO.I....,Dead Stock,Dead Stock,1842.9,C,Operational
839049414573,GRS Book,Dead Stock,Dead Stock,2428.0,C,Operational
929000640037,GRAPHITED GREASE GRADE-III,Active,Active,97596.4,C,Operational
501000262606,GI pipe 50 mm,Active,Monitor,1399.77,C,Operational
501000262606,GI pipe 50 mm,Active,Monitor,1399.77,C,Operational
56500026,GRS BOX FULL SIZE,Active,Active,0.0,C,Operational
56500464,GRS BOX HALF SIZE,Active,Active,74266.0,C,Operational
501000260269,GI pipe 100mm,Slow Moving,Slow Moving,0.0,C,Operational
501000260269,GI pipe 100mm,Slow Moving,Slow Moving,0.0,C,Operational
553000020013,GROUND LEVER FRAME SINGLE,Dead Stock,Dead Stock,90000.0,C,Operational
553000020013,GROUND LEVER FRAME SINGLE,Dead Stock,Dead Stock,90000.0,C,Operational
567923430025,GROUND CONNECTION FOR 220 MM STROKE POINT MACHINE 1 IN 12,Slow Moving,Slow Moving,0.0,C,Operational
567925340052,Ground connection 220mm 1 in 8.5,Slow Moving,Very Slow Moving,0.0,C,Operational
569003040016,GATE BELL HOOD WITH OUT BELL,Dead Stock,Dead Stock,0.0,C,Operational
569003050010,GATE BELL 'T' CONNECTOR Miscellaneous.,Dead Stock,Dead Stock,350.0,C,Operational
560603820857,GROUND CONNECTION   D Bracket,Dead Stock,Dead Stock,5000.0,C,Operational
56301704,GROUND CONNECTION FOR IRS POINT MACHINE,Active,Active,80482.42,C,Operational
560402822772,Tx Rx COILS for 21KHZ and 25 KHZ for HASSDAC,Slow Moving,Very Slow Moving,0.0,C,Operational
560401680040,HASSDAC TRANSMITTER COIL 25 KHZ,Slow Moving,Very Slow Moving,22868.4,C,Operational
560401670034,HASSDAC RECEIVER COIL 25KHZ,Active,Active,0.0,C,Operational
560401670022,HASSDAC  RECEIVER  COIL 21KHZ,Active,Active,0.0,C,Operational
560606710054,HASSDAC-TRANSMITTER COIL21 KHZ,Active,Active,0.0,C,Operational
45174416,HYDROMETER ASSEMBLY COMPLETE AS PER SEL DRG 126 CONSISTING OF (1) HYDROMETER GRADUATED FRO....,Active,Active,15368.19,C,Operational
45174416,HYDROMETER ASSEMBLY COMPLETE AS PER SEL DRG 126 CONSISTING OF (1) HYDROMETER GRADUATED FRO....,Active,Active,15368.19,C,Operational
553000260012,HP LOCK DOUBLE.,Dead Stock,Dead Stock,16504.5,C,Operational
539822320066,HASSDAC complete Set,Slow Moving,Slow Moving,0.0,C,Operational
563045820018,"Insulation D Bracket Set for IRS Point machine ( 1 RH Plate, 1 LH Plate, Bush-S-23199-04 ....",Slow Moving,Slow Moving,45480.1,C,Operational
563045820018,"Insulation D Bracket Set for IRS Point machine ( 1 RH Plate, 1 LH Plate, Bush-S-23199-04 ....",Slow Moving,Slow Moving,45480.1,C,Operational
539805880375,INSULATION SET FOR 220MM Ground connection,Active,Active,0.0,C,Operational
559000840010,INSULATION FOR SWITCH EXTENTION PIECE Miscellaneous.,Slow Moving,Slow Moving,75.0,C,Operational
569003160010,ILLUMINATED DAIGRAM BOARD,Slow Moving,Very Slow Moving,800.0,C,Operational
419000010243,Insulation for Leading Stretcher Bar,Active,Monitor,0.0,C,Operational
419001810012,Point insulation ( Nylon -66) Complete set with RDSO spec IRS-S-40/84 or latest consist of....,Dead Stock,Dead Stock,0.0,C,Operational
563045840455,INSULATION  GAUGE TIE PLATE(GTP),Slow Moving,Slow Moving,3497.57,C,Operational
472100011770,Inverter 24/110/500VA,Dead Stock,Dead Stock,0.0,C,Operational
565110000018,INSULATION FOR ROD JOINT,Slow Moving,Slow Moving,300.0,C,Operational
565110000018,INSULATION FOR ROD JOINT,Slow Moving,Slow Moving,300.0,C,Operational
565110000018,INSULATION FOR ROD JOINT,Slow Moving,Slow Moving,300.0,C,Operational
565110000018,INSULATION FOR ROD JOINT,Slow Moving,Slow Moving,300.0,C,Operational
565110000018,INSULATION FOR ROD JOINT,Slow Moving,Slow Moving,300.0,A,Operational
565110000018,INSULATION FOR ROD JOINT,Slow Moving,Slow Moving,300.0,C,Operational
539828630016,A SET OF 52KG.INSULATION RAIL JOINT UIC FOUR CHANNEL TYPE (TPU MOULDED) CONSISTING OF: i.C....,Slow Moving,Slow Moving,67035.0,C,Operational
564800080015,"IPS WITH ALL ACCESSORIES RLD (AVR MODULE-1.5KVA-1No,AVR MODULE-1.0KVA-1No, DC-DC converto....",Slow Moving,Very Slow Moving,0.0,C,Operational
539821910019,INSULATION 'L' BRACKET,Active,Monitor,44327.72,C,Operational
509000130018,Isolation Transformer,Slow Moving,Very Slow Moving,0.0,C,Operational
559000750010,JOINT SOLID FOR RODDING Miscellaneous.,Dead Stock,Dead Stock,350.0,C,Operational
559000750010,JOINT SOLID FOR RODDING Miscellaneous.,Dead Stock,Dead Stock,350.0,C,Operational
838000530141,Joint Inspection register of Point and crossings,Active,Monitor,0.0,C,Operational
560600070018,Knob FOR THUMB SWITCH,Active,Active,10867.26,C,Operational
54360031,LAMP 110V-75W-2PIN TYPE BC TO IS 418/1963,Slow Moving,Slow Moving,0.0,C,Operational
567911970019,LENS  FL CLEAR 101 MM,Slow Moving,Very Slow Moving,0.0,C,Operational
522001010016,LAMP 110/25W/3 PIN,Slow Moving,Very Slow Moving,0.0,C,Operational
539812900013,LED SIGNAL RED ASPECT FOR ROAD WARNING,Slow Moving,Slow Moving,348167.04,B,Operational
539812900013,LED SIGNAL RED ASPECT FOR ROAD WARNING,Slow Moving,Slow Moving,348167.04,C,Operational
729081591716,LOCK PAD IRON 50 mm,Slow Moving,Very Slow Moving,450.0,C,Operational
729081591716,LOCK PAD IRON 50 mm,Slow Moving,Very Slow Moving,450.0,C,Operational
749000120118,LOCK PAD IRON -35 mm,Dead Stock,Dead Stock,11858.0,C,Operational
749000120222,LOCK PAD 40 MM (GODREJ - NAVATHAL),Dead Stock,Dead Stock,300.0,C,Operational
56462050,LED SHUNT SIGNAL  WITH INBUILT CURRENT REGULATOR WITH RDSO INSPECTION. RDSO SPE. NO. RDSO/....,Active,Active,294431.35,B,Operational
56468027,LED ROUTE SIGNAL LIGHTING UNIT 100V AC RE-PROFITABLE IN EXISTING CLS HOUSING AND COMPATIBL....,Active,Active,318453.99,B,Operational
56468039,"LED Main signal aspect RED, 110 V AC",Active,Active,1021575.79,A,Operational
56468040,"LED MAIN  signal GREEN ASPECT , 110 V AC",Active,Active,476537.64,B,Operational
56468052,"LED MAIN SIGNAL YELLOW aspect , 110 V AC",Active,Active,625660.51,A,Operational
56468064,LED CALLING ON SIGNAL LIGHTING UNIT 100VAC RE-PROFITABLE IN EXISTING CLS HOUSING AND COMPA....,Active,Active,137066.66,C,Operational
564681420018,LED MAIN SIGNAL RED ASPECT,Dead Stock,Dead Stock,0.0,C,Operational
564681590015,LED SIGNAL YELLOW FOR ROAD WARNING.,Dead Stock,Dead Stock,0.0,C,Operational
564681600860,LED SIGNAL ROAD WARNING GREEN,Dead Stock,Dead Stock,0.0,C,Operational
564700070012,LAMP  110V/25W/2pin.,Dead Stock,Dead Stock,4536.0,C,Operational
565000043047,Limit Switch  2NO - 2NC  roller TYPE For HEIDZ  MAKE ELB .,Active,Active,71366.4,C,Operational
236400070013,Lead tablets of 10mm diameters for sealing,Active,Monitor,4073.61,C,Operational
549008290011,MS TURN PIN FOR RODDING,Active,Monitor,30000.0,C,Operational
520500472512,Mobile phone with charger and accessories,Active,Active,687914.0,A,Operational
559001330015,MUDGUARD SCREW,Dead Stock,Dead Stock,0.0,C,Operational
522004880071,MINI IPS,Active,Active,0.0,C,Operational
539812600017,MAINTAINER HEAD LAMP,Slow Moving,Very Slow Moving,0.0,C,Operational
522004290164,Spare cards FOR MSDAC.,Active,Monitor,254152.18,B,Operational
564680700147,Non metallic Calling ON SIGNAL UNIT,Dead Stock,Dead Stock,0.0,C,Operational
562300090010,Panel indication LED assembly RED YELLOW,Active,Monitor,2000.0,C,Operational
559000790018,PLIER GRIP Miscellaneous.,Dead Stock,Dead Stock,4500.0,C,Operational
563000200064,"Point machine, 143 mm stroke with 400 AC Immunity motors",Dead Stock,Dead Stock,0.0,C,Operational
56301571,POINT MACHINE 143 mm stroke ROTARY TYPE  110V,Slow Moving,Slow Moving,0.0,C,Operational
56301571,POINT MACHINE 143 mm stroke ROTARY TYPE  110V,Slow Moving,Slow Moving,0.0,C,Operational
563045852093,IRS  Electric point machine  143mm stroke IP-65 with(400 ACP IP 67 Motor)along with galva....,Active,Active,0.0,C,Operational
563046530050,Point Machine 143 mm Cover Assembly,Dead Stock,Dead Stock,0.0,C,Operational
563047180161,IRS POINT MACHINE 220MM /IP 67 Type,Slow Moving,Slow Moving,0.0,C,Operational
539827270016,Pinnacle for signal tubular post.,Dead Stock,Dead Stock,0.0,C,Operational
539860860044,Point Motor for IRS Point Machine  DC,Dead Stock,Dead Stock,0.0,C,Operational
539863990078,PCINOB CARDS FOR KYOSAN,Active,Monitor,0.0,C,Operational
539872260077,Modified Point  test Gauge 1.6mm &5mm,Slow Moving,Very Slow Moving,0.0,C,Operational
542218891018,Pin For Top Roller,Active,Active,8670.0,C,Operational
550400040018,PCB CONNECTOR FOR PANNEL,Dead Stock,Dead Stock,400.0,C,Operational
553000050170,Point Indicator Lamp,Slow Moving,Very Slow Moving,3966.65,C,Operational
420273832479,PUSH SWITCH,Active,Active,25111.82,C,Operational
569003260016,POINT ROD 1 1/4 DIA 18' (FEET LENGTH),Dead Stock,Dead Stock,20000.0,C,Operational
669045460069,"PCB Assembly For Panel Indicator (Yellow-Red, Red-Yellow)",Active,Active,16410.0,C,Operational
567911590016,Panel indication LED assembly YELLOW RED,Dead Stock,Dead Stock,1025.0,C,Operational
563000200052,Point machine 143 mm stroke (IP 67 Type),Dead Stock,Dead Stock,0.0,C,Operational
560602152312,RELAY ECR  OFF ASPECT,Slow Moving,Very Slow Moving,0.0,C,Operational
567911900017,EXTERNAL LEASED LINE MODEM WITH T NETWORKING Electrical Signalling equipments and spares n....,Dead Stock,Dead Stock,15000.0,C,Operational
560603080011,RELAY QECX-61 [4F/4B],Active,Active,0.0,C,Operational
560603080011,RELAY QECX-61 [4F/4B],Active,Active,0.0,A,Operational
56220509,RELAY ELECTRONIC TIMER 120 SEC,Active,Active,6003.26,C,Operational
56450217,RELAY QSPA1-8F/4B SPECN. BRS.933A.,Active,Active,460248.96,B,Operational
56450229,"RELAY AC IMMUNE PLUG IN TYPE STYLE QTA2 CONFORMING TO BRS - 939A,BRS.966 (APPENDIX F-21) &....",Active,Active,724863.0,A,Operational
56451027,RELAY AC IMMUNE PLUG IN TYPE STYLE QBCA1  CONFORMING TO BRS - 943 IRS.S.34 & IRS.S.23 OR L....,Active,Active,793351.24,A,Operational
56452032,RELAY QN1 12F/4B PLUG IN TYPE,Active,Active,1254764.0,A,Operational
539871380026,Rodent Repellent Electronic,Dead Stock,Dead Stock,6490.0,C,Operational
539871380026,Rodent Repellent Electronic,Dead Stock,Dead Stock,6490.0,C,Operational
539883710725,RELAY RACK,Slow Moving,Very Slow Moving,0.0,C,Operational
539896890693,KLCR RELAY,Active,Active,30916.0,C,Operational
552000160018,RACK AND PINION LEVER OF INTERLOCKING FRAMES,Dead Stock,Dead Stock,8000.0,C,Operational
404008910315,ROUTE INDICATOR JUNCTION TYPE 2 WAY NON METALIC TYPE,Dead Stock,Dead Stock,0.0,C,Operational
430600020099,RHEOSTAT 500 OHMS 400W,Dead Stock,Dead Stock,850.0,C,Operational
460501250145,RELAY TEST KIT,Active,Monitor,109757.37,C,Operational
468100321144,REMOVABLE CONNECTORS FOR RELAY PINS (Relay clip),Slow Moving,Slow Moving,0.0,C,Operational
469028560018,REFLECTIVE JACKETS,Active,Monitor,0.0,C,Operational
56985721,RELAY QB3 (PLUG TYPE RELAY 12 VOLTS DC4F),Dead Stock,Dead Stock,211120.0,B,Operational
56985800,RELAY ELECTRONIC TIMER 60 SEC,Active,Active,169192.8,C,Operational
56986130,RELAY STYLE QBAT AC TRACK,Active,Active,434826.24,B,Operational
603203920287,ROLLER SEGMENT,Slow Moving,Very Slow Moving,0.0,C,Operational
794700030016,"Rain Coat With Cap/Hood and separate  Waterproof trouser, Functional specification:-Waterp....",Active,Monitor,3134.25,C,Operational
56500142,RELAY QNA1 ACI 8F/8B,Active,Active,1506265.21,A,Operational
56500142,RELAY QNA1 ACI 8F/8B,Active,Active,1506265.21,B,Operational
56500415,RELAY POLARISED 3 POSITION,Active,Active,61474.0,C,Operational
56508116,RELAY QN1 8F/8B PLUG IN TYPE,Active,Active,3156543.0,A,Operational
56508116,RELAY QN1 8F/8B PLUG IN TYPE,Active,Active,3156543.0,A,Operational
565094801071,RTU (Remote Terminal Unit)  32 DIGITAL AND 8 ANLOG,Slow Moving,Very Slow Moving,172500.0,C,Operational
565172840569,RTU  DUAL CARD LEASED LINE MODEM,Dead Stock,Dead Stock,8000.0,C,Operational
565198000017,RETRO REFLECTIVE STICKER  YELOW COLOUR FOR GOODS WARNING BOARD,Dead Stock,Dead Stock,0.0,C,Operational
567900050017,Relay QNA1K 6F 6B,Active,Monitor,14865.0,C,Operational
567900050017,Relay QNA1K 6F 6B,Active,Monitor,14865.0,C,Operational
567900100010,Relay QBA1 8F 6B,Slow Moving,Slow Moving,26000.0,C,Operational
567900400016,Relay QNNA1 6F/2B,Dead Stock,Dead Stock,0.0,C,Operational
567900413114,Relay QNN1 6F/2B,Dead Stock,Dead Stock,19000.0,C,Operational
567900770014,Relay QN1 12F 4B,Dead Stock,Dead Stock,0.0,C,Operational
567911890012,RTU POWER SUPPLY SET 24V Electrical Signalling equipments and spares not otherwise classif....,Dead Stock,Dead Stock,0.0,C,Operational
560602540014,RELAY QNA1 12F/4B,Slow Moving,Very Slow Moving,0.0,C,Operational
560405800015,SSDAC DC-DC Converter card No.8 (CELL MAKE),Dead Stock,Dead Stock,2548.0,C,Operational
560405880011,SSDAC LDU FOR GGTRONICS MAKE,Dead Stock,Dead Stock,4500.0,C,Operational
560603161473,SSDAC EF CARD FRAME WITH MOTHER BOARD  GGTRONICS MAKE,Dead Stock,Dead Stock,65000.0,C,Operational
560609470017,SSDAC SF CARD with Mother board (GG TRONICS MAKE),Dead Stock,Dead Stock,60000.0,C,Operational
561800030106,SM'S Control 4 SLIDE with locking,Dead Stock,Dead Stock,10000.0,C,Operational
563003580078,Safety Fasteners Three Point safety nut with bolt and socket for Ground connection 220mm ....,Active,Active,0.0,C,Operational
539828810018,SSDAC Transmitter coil For CEL MAKE,Dead Stock,Dead Stock,53155.0,C,Operational
539848730016,SMS Alert System,Slow Moving,Very Slow Moving,0.0,C,Operational
539852820041,SPRING FOR KEY LOCK E type,Slow Moving,Very Slow Moving,13629.0,C,Operational
539896951396,shunt signal Unit,Slow Moving,Slow Moving,10000.0,C,Operational
542222890360,Sliding Boom Complete set.,Slow Moving,Very Slow Moving,0.0,C,Operational
543100020011,SURFACE BASE 140 MM DIA,Slow Moving,Very Slow Moving,0.0,C,Operational
543100020011,SURFACE BASE 140 MM DIA,Slow Moving,Very Slow Moving,0.0,B,Operational
543100020011,SURFACE BASE 140 MM DIA,Slow Moving,Very Slow Moving,0.0,C,Operational
429084670016,Surge Voltage Protection Device (SVPD) for SSDAC CEL MAKE,Dead Stock,Dead Stock,125080.0,C,Operational
469028950015,SCREW DRIVER 300mm,Dead Stock,Dead Stock,9100.0,C,Operational
502323190434,Signal post Telephone (SPT),Active,Active,4720.0,C,Operational
539805771008,Shunt signal Position light unit with post.,Active,Active,611097.16,B,Operational
569001190084,Sealing Wire,Active,Monitor,435.79,C,Operational
569037670033,SEM Appendix-I & Appendix II,Dead Stock,Dead Stock,1063.0,C,Operational
589800030020,SPECIAL SPANNER FOR MAINTANENCE OF ELECTRICAL POINT MACHINE GROUND CONNECTION,Slow Moving,Very Slow Moving,0.0,C,Operational
600400101630,Steel Sleeper Flat,Dead Stock,Dead Stock,3250.0,C,Operational
669800470159,Steel wire rope,Slow Moving,Slow Moving,0.0,C,Operational
733239370010,Split PIN,Slow Moving,Very Slow Moving,0.0,C,Operational
795148170100,SAFETY FOOTWEAR,Active,Active,4594.92,C,Operational
839096164279,STOP BOARD,Slow Moving,Slow Moving,21104.0,C,Operational
839096165028,STOP BOARD with clamp for ESB,Active,Monitor,738640.0,A,Operational
839098870062,SEM BOOK,Dead Stock,Dead Stock,1874.0,C,Operational
91150401,SOLDER CORED RESIN FILLED (FOR INSTRUMENTS COILS) TO SPECN. BSS 441 OF 1932 ACTIVATED NON ....,Active,Active,7097.94,C,Operational
565094831178,Sealing plier,Dead Stock,Dead Stock,3000.0,C,Operational
567900809319,SURGE PROTECTION DEVICE CLASS C,Slow Moving,Slow Moving,32558.51,C,Operational
560101300020,SPRING TENSION ADJUSTER FOR DOUBLE LINE BLOCK INSTRUMENT,Slow Moving,Very Slow Moving,0.0,C,Operational
560400020019,Event Logger Card for SSDAC (CEL),Dead Stock,Dead Stock,59062.0,C,Operational
560400020044,SSDAC SCC1 Card (CEL make),Dead Stock,Dead Stock,25000.0,C,Operational
560400020056,SSDAC SCC2 Card (CEL make),Dead Stock,Dead Stock,25000.0,C,Operational
560400030360,SSDAC Receiver  Coils for  CEL MAKE,Dead Stock,Dead Stock,53155.0,C,Operational
560400031170,SSDAC ELDYNE Make Rail contact TX1 & TX2,Dead Stock,Dead Stock,0.0,C,Operational
560400251492,SSDAC Communication card 1 (GGTronics ),Dead Stock,Dead Stock,20881.0,C,Operational
560403031338,SSDAC RX COIL 21-25KHZ FOR GG Tronics,Dead Stock,Dead Stock,0.0,C,Operational
560403080489,SSDAC DC DC Convertor Card  (GGTRONICS MAKE),Dead Stock,Dead Stock,0.0,C,Operational
560403620010,SSDAC Transmitter(TX) Coil GGTRONICS,Dead Stock,Dead Stock,0.0,C,Operational
430800010016,TIPL Hand held Digital Infrared medical Thermometer,Dead Stock,Dead Stock,4600.0,C,Operational
459072090024,Transformer 230/110/2 KVA,Slow Moving,Very Slow Moving,0.0,C,Operational
460200261956,Tool kit for point machine (New),Active,Active,50000.0,C,Operational
50232319,TELEPHONE MAGNETTO,Active,Active,708578.91,A,Operational
539824920050,TRANSFORMER RECTIFIER 110/12V/2A,Slow Moving,Very Slow Moving,0.0,C,Operational
542400040030,Trestle 4 Way,Dead Stock,Dead Stock,134400.0,C,Operational
549801611199,TRACK FEED BATTERY CHARGER,Active,Active,216620.0,B,Operational
556200010164,Trestle 2 way,Slow Moving,Very Slow Moving,27600.0,C,Operational
560604917885,Signal maintainers tool bag with tools,Slow Moving,Very Slow Moving,0.0,C,Operational
560607040019,THUMB SWITCH 3 POSITION.,Active,Active,897602.56,A,Operational
560607460010,Transformer 230/110V/1KVA,Slow Moving,Very Slow Moving,0.0,C,Operational
561301620019,TL BLOCK INSTRUMENT WITH Q SERIES RELAYS,Dead Stock,Dead Stock,0.0,C,Operational
565000060239,THUMB SWITCH 2 Position,Active,Active,134700.0,C,Operational
56509376,TERMINAL PBT MAKE 25MM,Active,Active,387417.25,B,Operational
56509388,TERMINAL PBT 60MM,Active,Active,392089.59,B,Operational
56509583,TRACK LEAD JUNCTION BOX - FRP TYPE,Dead Stock,Dead Stock,0.0,C,Operational
565099690019,Track feed Resistance 30 ohms,Slow Moving,Slow Moving,504.08,C,Operational
565100010106,Transformer  230v/110 500VA,Dead Stock,Dead Stock,0.0,C,Operational
565100010106,Transformer  230v/110 500VA,Dead Stock,Dead Stock,0.0,C,Operational
567909680010,Tumbler Spring For E - Type Lock,Dead Stock,Dead Stock,4950.0,C,Operational
567911730010,TRANSFORMER RECTIFIER  110/24/2A,Slow Moving,Slow Moving,0.0,C,Operational
569003190014,TERMINAL 50 WAY  RELEASED,Dead Stock,Dead Stock,0.0,C,Operational
570111780074,32-inch full HD resolution Monitor capable of 24x7 mode of operation to use as Video Displ....,Slow Moving,Very Slow Moving,0.0,C,Operational
724800160141,Train Shunt Meter,Active,Monitor,0.0,C,Operational
727903281648,TOOL KIT FOR POINT MACHINE (Wrong Ledger),Slow Moving,Slow Moving,0.0,C,Operational
567921330040,Vital cut off card (ME1633OC-OVC CARD) With PCB Code M633OVC-01 (MEDHA),Dead Stock,Dead Stock,0.0,C,Operational
56163034,"VOLTAGE  STABILIZERS 3 KVA / 230 V SINGLE PHASE, SHELF MOUNTING, STATIC, FERRO RESONANT TY....",Active,Active,269628.03,B,Operational
400200120029,PVC Wire coil of size 16/0.2 Sqmm,Dead Stock,Dead Stock,0.0,C,Operational
400200120029,PVC Wire coil of size 16/0.2 Sqmm,Dead Stock,Dead Stock,0.0,B,Operational
545401110011,WIRE COIL 14/.22 TWIN TWISTED FLEXIBLE WIRES 100 Mtr LENTH,Dead Stock,Dead Stock,0.0,C,Operational
551200010261,Ward Spring for E Type LOCKS,Dead Stock,Dead Stock,0.0,C,Operational
55630212,WIRE 8 SWG (GI),Dead Stock,Dead Stock,0.0,C,Operational
561300670957,Reset box FOR UAC BY-MAKE (RELEASED),Slow Moving,Very Slow Moving,0.0,C,Operational
569003180010,UNIVARSAL AXLE COUNTER EJB  RELEASED,Slow Moving,Very Slow Moving,0.0,C,Operational
569003170015,UAC DC DC CONVERTOR (RELEASED),Slow Moving,Very Slow Moving,0.0,C,Operational
567911870013,UNIVERSAL AXLE COUNTER  EVALUATOR (RELEASED),Slow Moving,Very Slow Moving,0.0,C,Operational
543500020087,OFF SET BRACKET  90MM SMALL,Slow Moving,Slow Moving,7000.0,C,Operational
543500020087,OFF SET BRACKET  90MM SMALL,Slow Moving,Slow Moving,7000.0,C,Operational
543500020099,OFF SET BRACKET  140MM FOR CLS (LARGE),Slow Moving,Slow Moving,0.0,C,Operational
543500020099,OFF SET BRACKET  140MM FOR CLS (LARGE),Slow Moving,Slow Moving,0.0,C,Operational
80010714,AXLE OIL MEDIUM TO IS:1628/1986.,Slow Moving,Slow Moving,4523.23,C,Operational
401107910011,PVC INSULATED CABLE 2C x 2.5 sq.mm,Slow Moving,Very Slow Moving,123500.0,C,Operational
902500319657,Revolving Chair BOSQ,Active,Monitor,0.0,C,Operational
461506450378,CHANNEL BOND PINS,Active,Monitor,18234.4,C,Operational
462100771983,CLASS A PROTECTION- COPPER TAPE 25mm X3mm,Active,Active,539139.58,B,Operational
501000400018,CT BOX 10 PAIR,Slow Moving,Very Slow Moving,0.0,C,Operational
509000348553,CELL Secondary 2V/300AH,Slow Moving,Very Slow Moving,0.0,C,Operational
521500430050,Central server(rack model )with intel Xeol Silver 4309Y Processor or equivalent or bette....,Slow Moving,Very Slow Moving,0.0,C,Operational
539804080016,CT Box 20 Pair,Dead Stock,Dead Stock,0.0,C,Operational
560608500014,B Type Choke,Active,Active,0.0,C,Operational
560800150599,4 ASPECT CLS FRP Type,Active,Active,24335.59,C,Operational
561548300013,LOW MAINTENANCE LEAD ACID STATIONARY SECONDARY CELLS 2V/80 AH CAPACITY,Active,Active,598182.4,B,Operational
561548530018,CELL Secondary 2v 400AH,Slow Moving,Very Slow Moving,0.0,C,Operational
539814340357,Communication Equipment - Network Switch,Active,Active,1860000.0,A,Operational
539814490010,LOW MAINTENANCE LEAD ACID STATIONARY SECONDARY CELLS 2V /120 AH,Active,Monitor,1000624.35,A,Operational
539820850015,CRANK ADJUSTABLE 12 X 18,Slow Moving,Very Slow Moving,81018.0,C,Operational
539820850015,CRANK ADJUSTABLE 12 X 18,Slow Moving,Very Slow Moving,81018.0,C,Operational
539822620013,Secondary Cells 2V/200AH,Active,Active,773759.63,A,Operational
539824811004,CABLE 24C X 1.5 SQMM,Active,Active,368742.5,B,Operational
539863960013,CABLE TERMINATION BOX FRP TYPE(CTB),Active,Active,828687.6,A,Operational
539882210058,CLS 4 ASPECT,Active,Active,12584.0,C,Operational
539896950525,CLS Unit 2 Aspect FRP,Active,Active,5642232.28,A,Operational
542100010079,Crank Ordinary  12 X 12,Slow Moving,Very Slow Moving,13891.6,C,Operational
542100010079,Crank Ordinary  12 X 12,Slow Moving,Very Slow Moving,13891.6,C,Operational
543500010010,CLS  LADDER 3.5 Mtrs,Active,Active,53342.19,C,Operational
543500010010,CLS  LADDER 3.5 Mtrs,Active,Active,53342.19,C,Operational
336800480025,120 AH VRLA battery conforming to RDSO specification No: IRS/S-93/96 (A) (Amd.1) or lates....,Slow Moving,Very Slow Moving,0.0,C,Operational
400785690017,PVC INSULATED CABLE 19C x 1.5 sq.mm,Slow Moving,Very Slow Moving,0.0,C,Operational
400900640010,PVC INSULATED CABLE  2C x 25 sq.mm,Slow Moving,Slow Moving,9536.0,C,Operational
400900650015,PVC INSULATED CABLE 30C x 1.5 sq.mm,Active,Monitor,0.0,C,Operational
401107900017,PVC INSULATED CABLE 12C x 1.5 sq.mm,Active,Active,0.0,C,Operational
564680670945,CLS Unit 2 Aspect,Slow Moving,Slow Moving,34762.75,C,Operational
564680680689,CLS unit 3 Aspect (Metalic),Active,Active,133848.0,C,Operational
564680700019,Calling ON SIGNAL UNIT,Active,Active,0.0,C,Operational
564681290100,CLS Post 3.6 MTS,Active,Active,0.0,C,Operational
567900760010,CLS Unit 3 Aspect FRP (Non metallic),Active,Active,5192952.28,A,Operational
567900760010,CLS Unit 3 Aspect FRP (Non metallic),Active,Active,5192952.28,C,Operational
544100200061,CLS POST 4.6 MTRS,Active,Active,9954.0,C,Operational
603208471008,"Change over switch, 32amp.",Dead Stock,Dead Stock,6050.0,C,Operational
781062820017,Cantilever non revolving office chair,Slow Moving,Slow Moving,0.0,C,Operational
405000100017,CABLE MARKER  RCC TYPE,Active,Active,35866.11,C,Operational
420415680054,DIGITAL HANDHELD TRUE AC/DC CLAMP MALTIMETER,Slow Moving,Very Slow Moving,0.0,C,Operational
569004270017,"DATA LOGGER FAULT ANALYSIS TERMINAL (ASUS Vivo,21.5 FHD, All-in-One Desktop)",Dead Stock,Dead Stock,0.0,C,Operational
469031052235,Digital INSULATION TESTER (MEGGER),Slow Moving,Very Slow Moving,0.0,C,Operational
470200543962,"DG SET, 10KVA",Dead Stock,Dead Stock,0.0,C,Operational
509000501938,DATALOGGER External Modem For T networking,Dead Stock,Dead Stock,11991.0,C,Operational
539805240015,B21. Data logger of 1024 digital and 32 analog input.,Dead Stock,Dead Stock,0.0,C,Operational
560403082796,DC -DC CONVERTOR 24/40/10A-HBL,Slow Moving,Slow Moving,425540.94,B,Operational
560600500062,DC- DC Converter 110/24v/10A for EI power supply.,Slow Moving,Slow Moving,0.0,C,Operational
560604545740,ELECTRIC TRACK DRILLING MACHINE 110V/50HZ WITH STAND,Dead Stock,Dead Stock,0.0,C,Operational
539811560012,.....,Slow Moving,Very Slow Moving,0.0,C,Operational
539831510026,DC-DC convertor 24v/48v /5A,Slow Moving,Very Slow Moving,88535.0,C,Operational
539832391343,DC DC converter 110V DC 24-40V/5A  ( HBL  make),Active,Active,126555.0,C,Operational
539897070569,DWC pipe with coupler,Active,Active,0.0,C,Operational
541500850025,.....,Dead Stock,Dead Stock,0.0,C,Operational
569019600016,Wired DCDP panel suitable for M/s Amaraja make IPS system confirming to RDSO spec no: RDSO....,Dead Stock,Dead Stock,0.0,C,Operational
569800010032,DC-DC CONVERTER 24-40V/ 10A As per specification RDSO/SPN/165/2012(VER3.0)-AMARARAJA,Slow Moving,Slow Moving,542354.58,B,Operational
565010000010,DATALOGGER 2048 DIGI I/P 32 A I/P,Dead Stock,Dead Stock,0.0,C,Operational
565010000010,DATALOGGER 2048 DIGI I/P 32 A I/P,Dead Stock,Dead Stock,0.0,C,Operational
565010000010,DATALOGGER 2048 DIGI I/P 32 A I/P,Dead Stock,Dead Stock,0.0,C,Operational
565010000010,DATALOGGER 2048 DIGI I/P 32 A I/P,Dead Stock,Dead Stock,0.0,C,Operational
565010000010,DATALOGGER 2048 DIGI I/P 32 A I/P,Dead Stock,Dead Stock,0.0,C,Operational
565110000018,DATALOGGER DUAL E1 CONVERTOR CARD,Dead Stock,Dead Stock,113156.0,C,Operational
565110000018,DATALOGGER DUAL E1 CONVERTOR CARD,Dead Stock,Dead Stock,113156.0,C,Operational
565110000018,DATALOGGER DUAL E1 CONVERTOR CARD,Dead Stock,Dead Stock,113156.0,C,Operational
565110000018,DATALOGGER DUAL E1 CONVERTOR CARD,Dead Stock,Dead Stock,113156.0,C,Operational
565110000018,DATALOGGER DUAL E1 CONVERTOR CARD,Dead Stock,Dead Stock,113156.0,A,Operational
565110000018,DATALOGGER DUAL E1 CONVERTOR CARD,Dead Stock,Dead Stock,113156.0,C,Operational
565172840041,Data Logger With 512 Digital Input,Dead Stock,Dead Stock,0.0,C,Operational
560400022727,DC-DC convertor 110/24/5A,Dead Stock,Dead Stock,0.0,C,Operational
725800138845,DIGITAL MULTIMETER (Hand Held)Make: RISHABH,Dead Stock,Dead Stock,0.0,C,Operational
725803820084,Data Analyser( Lap top),Slow Moving,Very Slow Moving,0.0,C,Operational
869014510053,"DEMINERALIZATION WATER TREATMENT PLANT, Purifying capacity 100 LPH with RO system. Input ....",Dead Stock,Dead Stock,0.0,C,Operational
567916800025,Mini DCDP Cabinet containing 06 nos of 110V DC input to 24-40VDC output 10 capacity conver....,Slow Moving,Very Slow Moving,0.0,C,Operational
569002490889,DC DC CONVERTOR 24/40/10A-STATCON,Slow Moving,Slow Moving,615955.54,B,Operational
569002491870,DC- DC converter 110V DC 24-32v/5A (HBL Make),Active,Active,123900.0,C,Operational
569002650017,DATALOGGER GSM/GPRS MODEM &ADAPTOR CARD 4G,Dead Stock,Dead Stock,0.0,C,Operational
569002660011,DATALOGGER DUAL E1 EXTENDOR CYGNUS,Dead Stock,Dead Stock,35400.0,C,Operational
569003720015,DATALOGGER PRINTER,Dead Stock,Dead Stock,0.0,C,Operational
430200028964,Hand held digital multimeter RISHABH,Slow Moving,Very Slow Moving,0.0,C,Operational
560408770046,FRMC MODULE FOR EI (MAKE KYOSAN),Slow Moving,Slow Moving,0.0,C,Operational
539872300040,FIT AND FORGET LEAD/BOND WIRE 2 METERS,Active,Active,0.0,C,Operational
543100040010,Foundation A type,Dead Stock,Dead Stock,495679.0,C,Operational
543100040010,Foundation A type,Dead Stock,Dead Stock,495679.0,B,Operational
569013140044,FIT AND FORGET BOND WIRE 2 METER,Slow Moving,Slow Moving,0.0,C,Operational
569015320025,FIT AND FORGET LEAD/BOND WIRE 4 MTRS.,Active,Active,6499.4,C,Operational
569042850078,Fit and forget  lead wire 3 Mtr,Slow Moving,Slow Moving,0.0,C,Operational
565110000018,FIRE ALARM ADDRESSABLE PANEL WITH TCP IP MODULE,Dead Stock,Dead Stock,0.0,C,Operational
565110000018,FIRE ALARM ADDRESSABLE PANEL WITH TCP IP MODULE,Dead Stock,Dead Stock,0.0,C,Operational
565110000018,FIRE ALARM ADDRESSABLE PANEL WITH TCP IP MODULE,Dead Stock,Dead Stock,0.0,C,Operational
565110000018,FIRE ALARM ADDRESSABLE PANEL WITH TCP IP MODULE,Dead Stock,Dead Stock,0.0,C,Operational
565110000018,FIRE ALARM ADDRESSABLE PANEL WITH TCP IP MODULE,Dead Stock,Dead Stock,0.0,A,Operational
565110000018,FIRE ALARM ADDRESSABLE PANEL WITH TCP IP MODULE,Dead Stock,Dead Stock,0.0,C,Operational
669080620082,Ferrule Printer (Canon MK -3000 cable ID Printer along with standard accessories ),Slow Moving,Very Slow Moving,0.0,C,Operational
727900920063,Fire Extinguisher (CO2 type),Active,Monitor,0.0,C,Operational
860104640026,CPU CARD FOR FIRE ALARM SYSTEM,Dead Stock,Dead Stock,97308.0,C,Operational
990401070023,RC-TU150B canon Ink ribbon Black  (5PC/set)150m/pc- Total:750mtr,Slow Moving,Very Slow Moving,0.0,C,Operational
990401080016,PVC tube white 100m/roll-3.0mm ID for(for 1.0 and 1.5sq mm wire),Slow Moving,Very Slow Moving,0.0,C,Operational
567912550014,Fire Alarm Analogue controller for LHS cable (LHS Panel),Dead Stock,Dead Stock,0.0,C,Operational
569003010012,FIRE ALARM SOUNDER CUM STROBE 24V,Dead Stock,Dead Stock,40000.0,C,Operational
569003010012,FIRE ALARM SOUNDER CUM STROBE 24V,Dead Stock,Dead Stock,40000.0,C,Operational
569003020017,FIRE ALARM ANALOGUE ADDRESSABLE MANUAL CALL POINT,Dead Stock,Dead Stock,0.0,C,Operational
569003020017,FIRE ALARM ANALOGUE ADDRESSABLE MANUAL CALL POINT,Dead Stock,Dead Stock,0.0,C,Operational
569003030011,FIRE ALARM CABLE 2 X 1.5 SQMM UNARMOURED,Slow Moving,Very Slow Moving,105952.0,C,Operational
569003030140,FIRE ALARM CABLE 2 X 1.5 SQMM UNARMOURED cable,Slow Moving,Very Slow Moving,0.0,C,Operational
569003500015,FIRE ALARM ANLOGUE TYPE LHS (LINEAR HEAT SENCING) CABLE Miscellaneous.,Dead Stock,Dead Stock,0.0,C,Operational
569003510010,FIRE ALARM CONTROL MODULE WITH IN BUILT ISOLATOR,Slow Moving,Very Slow Moving,13000.0,C,Operational
569003520014,FIRE ALARM EOL (END OF LINE) RESISTOR,Dead Stock,Dead Stock,7000.0,C,Operational
569003530019,FIRE ALARM GSM INTERFACE MODULE FOR INTERFACING CONTROL PANEL,Dead Stock,Dead Stock,0.0,C,Operational
569003540013,FIRE ALARM HEAT AND SMOKE MULTI SENSOR,Slow Moving,Very Slow Moving,46128.45,C,Operational
569003540037,FIRE ALARM  NS-7 (IBS Work),Dead Stock,Dead Stock,0.0,C,Operational
569003550018,FIRE ALARM PROBE TYPE BIMETALIC RESETTABLE TYPE HEAT DETECTOR,Dead Stock,Dead Stock,0.0,C,Operational
569003560012,FIRE ALARM RELAY MODULE WITH BACK BOX AND ACESSORIES,Slow Moving,Slow Moving,0.0,C,Operational
569003570017,FIRE ALARM UV/IR FLAME DETECTOR,Dead Stock,Dead Stock,0.0,C,Operational
569003580011,FIRE ALARM ZONE INTERFACE MODULE WITH IN BUILT ISOLATOR,Dead Stock,Dead Stock,0.0,C,Operational
569003590016,FIRE ALARM CABLE 2X1.5 SQMM ARMOURED,Slow Moving,Very Slow Moving,36630.0,C,Operational
569003600010,FIRE ALARM 25MM RED COLOURED PVC PIPE,Slow Moving,Very Slow Moving,36406.64,C,Operational
569005060018,Fire alarm TCP/IP Module,Dead Stock,Dead Stock,0.0,C,Operational
569005070012,Fire alarm Monitor Module,Dead Stock,Dead Stock,12400.0,C,Operational
569005080017,Fire alarm power supply battery 12v 7AH,Dead Stock,Dead Stock,0.0,C,Operational
569005090011,Fire Alarm Linear Heat Interface Module,Dead Stock,Dead Stock,0.0,C,Operational
569005100016,Fire Alarm Panel with Loop,Dead Stock,Dead Stock,0.0,C,Operational
569005110010,Fire alarm GSM Control Panel,Dead Stock,Dead Stock,0.0,C,Operational
569005120015,Fire Alarm Fault Isolator Base Detector,Slow Moving,Very Slow Moving,11000.0,C,Operational
569006770017,Fuse PPTC 6 Amps,Dead Stock,Dead Stock,0.0,C,Operational
405000010454,GI Wire 8 SWG,Slow Moving,Slow Moving,502.67,C,Operational
501000260269,GI pipe 100mm,Active,Active,5032.8,C,Operational
501000260269,GI pipe 100mm,Active,Active,5032.8,C,Operational
501000262606,GI pipe 50 mm,Active,Active,127178.64,C,Operational
501000262606,GI pipe 50 mm,Active,Active,127178.64,C,Operational
501000268657,GI PIPE 100 mm dia,Active,Active,405140.4,B,Operational
501000269080,GI PIPE 50mm,Active,Monitor,52166.4,C,Operational
522001380040,GRS BOX FULL SIZE,Active,Active,389064.0,B,Operational
567925370032,Ground Connection For  Point Machine 220 mm stroke 1 in 8.5,Active,Active,115899.0,C,Operational
539827310014,GI Ground connection IRS Type,Active,Active,59424.0,C,Operational
563000010056,Ground connection rods for TWS point machine (220MM STROKE),Active,Active,187570.0,B,Operational
563000013562,Galvanised Ground connection for 220mm  point machine with clamp point lock bar assembly 1....,Active,Active,127940.49,C,Operational
563045831326,Galvanized ground connection for 220 mm point machine,Active,Active,395489.02,B,Operational
549007470017,Goods Warning Board,Dead Stock,Dead Stock,0.0,C,Operational
549007470017,Goods Warning Board,Dead Stock,Dead Stock,0.0,C,Operational
549007470017,Goods Warning Board,Dead Stock,Dead Stock,0.0,C,Operational
549007470017,Goods Warning Board,Dead Stock,Dead Stock,0.0,C,Operational
549008200010,GRS BOX RTU TYPE,Active,Monitor,256656.0,C,Operational
549008200010,GRS BOX RTU TYPE,Active,Monitor,256656.0,B,Operational
549008200010,GRS BOX RTU TYPE,Active,Monitor,256656.0,C,Operational
522001380180,GRS BOX (Half size),Active,Active,197135.0,B,Operational
469031378918,PRINTER HP LASER JET (All in one ),Dead Stock,Dead Stock,0.0,C,Operational
560608710010,PBT TERMINAL 60mm,Active,Active,751141.1,A,Operational
560608710010,PBT TERMINAL 60mm,Active,Active,751141.1,C,Operational
539840550013,PBT FUSE BLOCK 60MM,Active,Active,128840.48,C,Operational
563000200180,Point machine 143 mm stroke ( 400V AC IMMUNISED),Slow Moving,Slow Moving,94791.67,C,Operational
563003040084,Point machine 143mm-IP67-160V ACI,Active,Monitor,965390.0,A,Operational
563003040096,Point machine 143mm-IP67- 400V ACI,Active,Active,284769.0,B,Operational
570104850078,Portable Data Analyser for RTU/Datalogger,Dead Stock,Dead Stock,0.0,C,Operational
563015710041,POINT MACHINE 220 mm SEMI ASSEMBLED,Active,Active,202697.37,B,Operational
563045831922,IRS Point machine 220mm  Stroke 400V (TWS),Slow Moving,Very Slow Moving,0.0,C,Operational
563045833220,Point Machine 220 mm Stroke  IP 67 400V. ACI,Active,Active,605802.0,B,Operational
564800150017,PBT TERMINAL 25MM,Active,Active,78598.8,C,Operational
565199840453,Client PC for interfacing to CMU and CRIS server as per the specification: Intel core i7 m....,Slow Moving,Very Slow Moving,0.0,C,Operational
549006320036,INDICATION PANEL (for IBS at WRA-KJKD B- line for block section),Dead Stock,Dead Stock,0.0,C,Operational
56301571,POINT MACHINE 110V ROTARY TYPE 143mm Stroke,Slow Moving,Slow Moving,0.0,C,Operational
56301571,POINT MACHINE 110V ROTARY TYPE 143mm Stroke,Slow Moving,Slow Moving,0.0,C,Operational
539803365994,LIGHTNING ARRESTER OF CLASS A FOR BUILDING PROTECTION. (NS-1),Active,Monitor,2520000.0,A,Operational
539803366007,"Elevation pole/mast of 5m length, for lightning protection. (NS-4)",Active,Monitor,336000.0,B,Operational
560603040013,LED MAIN SIGNAL ASPECT RED,Active,Active,427361.66,B,Operational
562200010016,56462050: LED SHUNT SIGNAL WITH INBUILT CURRENT REGULATOR WITH RDSO INSPECTION. RDSO SPE.....,Active,Monitor,135700.74,C,Operational
231057680062,Test link/Box for Lightning Arrester,Active,Monitor,3552.0,C,Operational
564681370015,LED CALLING ON SIGNAL,Active,Active,601600.58,B,Operational
569003920041,Sealing lead Tablets,Active,Monitor,10243.86,C,Operational
564681680284,LED Route Signal,Slow Moving,Slow Moving,69184.0,C,Operational
564681880017,LED MAIN SIGNAL ASPECT GREEN,Active,Active,999452.79,A,Operational
567900801023,LIGHTNING AND SURGE PROTECTION DEVICE,Slow Moving,Slow Moving,93810.0,C,Operational
567900801023,LIGHTNING AND SURGE PROTECTION DEVICE,Slow Moving,Slow Moving,93810.0,C,Operational
543500020312,CLS LADDER 4.5 mtr,Active,Active,17597.53,C,Operational
567912360043,Resettable 6 digit LCD lighting strock recorder/ transient event counter. (NS-3),Active,Monitor,504000.0,B,Operational
564681380525,LED  MAIN SIGNAL ASPECT YELLOW,Active,Active,179203.08,B,Operational
429008480029,"SMF lead acid battery, reachable 12V-42AH with warranty.  , .",Active,Active,212645.44,B,Operational
869026010019,STORAGE BATTERY 12V/80 AH,Slow Moving,Very Slow Moving,0.0,C,Operational
509000347883,Storage Lead Acid Battery 12V/65 AH,Active,Monitor,0.0,C,Operational
509041003659,Solar Panel 12V 35W,Dead Stock,Dead Stock,57744.0,C,Operational
560400240494,PD 21 KHZ CARD FOR HASSDAC GG TRONICS MAKE AXLE COUNTER  VER.3.0 with necessary stickers,Dead Stock,Dead Stock,0.0,C,Operational
560406680029,PD  21 KHZ Card Suitable for GG Tronic make SSDAC Ver 3.0 or latest with necessary sticker....,Dead Stock,Dead Stock,0.0,C,Operational
560406690035,PD 25 KHZ Card suitable for GG Tronic make SSDAC Ver 3.0 or latest with necessary stickers,Dead Stock,Dead Stock,0.0,C,Operational
560606610023,SPD CLASS D TYPE 24V DC,Dead Stock,Dead Stock,0.0,C,Operational
560614200215,SSBPAC- lightening and surge protection devices Class D for data lines  (1Set=2Nos.),Slow Moving,Very Slow Moving,0.0,C,Operational
560614200227,SSBPAC- lightning and surge protection devices for data lines to Auto-Change over card.  ....,Slow Moving,Very Slow Moving,0.0,C,Operational
562200010119,SHUNT SIGNAL Unit with Offset 90mm,Slow Moving,Slow Moving,0.0,C,Operational
539819571023,SPD Indicative type  Class D Protective Device for  110V DC (DEHN part no. 953209),Dead Stock,Dead Stock,0.0,C,Operational
539859060027,SOLDER WIRE-Flux Cored,Slow Moving,Very Slow Moving,0.0,C,Operational
542222890244,"Sliding Boom Complete set. Including all channels, Pipes, rollers, E type locks etc One c....",Slow Moving,Slow Moving,0.0,C,Operational
543100020011,SURFACE BASE 140 MM DIA,Active,Active,215303.45,C,Operational
543100020011,SURFACE BASE 140 MM DIA,Active,Active,215303.45,B,Operational
543100020011,SURFACE BASE 140 MM DIA,Active,Active,215303.45,C,Operational
031431700058,STAINLESS STEEL WIRE ROPE (SIZE-4 MM),Active,Active,858900.0,A,Operational
564700010027,"Shunt signal,Base and  Post",Slow Moving,Very Slow Moving,35234.0,C,Operational
567900419566,"SSBPAC- Relays  1. QNN1 4F 4B RELAY - 4 nos, 2. QNA1 8F 8B RELAY - 10nos, 3. QL1 11F 4B R....",Slow Moving,Very Slow Moving,0.0,C,Operational
567900801023,SURGE PROTECTION DEVICE (CLASS B & C),Active,Monitor,28352.3,C,Operational
567900801023,SURGE PROTECTION DEVICE (CLASS B & C),Active,Monitor,28352.3,C,Operational
567900805272,SURGE PROTECTION DEVICE 24V,Active,Active,146440.6,C,Operational
567900808819,SURGE PROTECTION DEVICE CLASS D-110V,Active,Monitor,159639.28,C,Operational
555500100019,SCREW COUPLING SINGLE END,Dead Stock,Dead Stock,152775.0,C,Operational
560200640038,SSBPAC- Microprocessor  based station  master  block  panel ( SSBPAC(Digital) for Single L....,Slow Moving,Very Slow Moving,0.0,C,Operational
560400230038,PD 25 KHZ  CARD FOR HASSDAC GG TRONICS MAKE AXLE COUNTER VER.3.0 with necessary stickers,Dead Stock,Dead Stock,0.0,C,Operational
570100421574,SSBPAC-Station mastersblock panel for Single line-SSBPAC(D)as per RDSO/SPN/175/2005 or l....,Slow Moving,Very Slow Moving,0.0,C,Operational
570100421586,SSBPAC- lightening and surge protection devices Class C for Power Lines to block instrume....,Slow Moving,Very Slow Moving,0.0,C,Operational
570100421598,SSBPAC -Auto-change over card which includes one voice modem circuit & one E1 converter c....,Slow Moving,Very Slow Moving,0.0,C,Operational
570100421628,SSBPAC(D) for single line along with station master block panel,Slow Moving,Very Slow Moving,0.0,C,Operational
733000200042,Sealing wire,Active,Monitor,11690.33,C,Operational
502323191505,Signal post Telephone (SPT),Slow Moving,Slow Moving,0.0,C,Operational
430501210081,EARTH TESTER,Slow Moving,Very Slow Moving,0.0,C,Operational
569004630010,Earthing MS flat 35mm x 6mm,Dead Stock,Dead Stock,454080.0,B,Operational
560604295862,Earth leakage detector  (8 Channel),Dead Stock,Dead Stock,0.0,C,Operational
560604296271,Earth leakage detector 12 channel,Dead Stock,Dead Stock,0.0,C,Operational
560616840086,PMDC MOTOR 24V DC/90W FOR EOLB SPARE,Active,Active,108968.8,C,Operational
539817610062,EWS LOCK,Active,Active,18754.03,C,Operational
539823790017,EMERGENCY PANEL FOR ELECTRONIC INTERLOCKING,Dead Stock,Dead Stock,2191230.0,A,Operational
539863350030,Earthing arrangement (Special earth) copper bonded steel electrodes of 3.0Mtr long 17mm Di....,Active,Active,914564.75,A,Operational
542218842329,EOLB  SPARE BOOM,Active,Active,28202.0,C,Operational
371572210520,EPOXY PAINT GLOSSY in  golden yellow colour (packing resin in 20 lrs MS Drums and Hardner....,Active,Monitor,0.0,C,Operational
565010000010,"EARTHINGCOPPER BONDED ROD  17.2MM X 3MTR -1NO,",Dead Stock,Dead Stock,2500.0,C,Operational
565010000010,"EARTHINGCOPPER BONDED ROD  17.2MM X 3MTR -1NO,",Dead Stock,Dead Stock,2500.0,C,Operational
565010000010,"EARTHINGCOPPER BONDED ROD  17.2MM X 3MTR -1NO,",Dead Stock,Dead Stock,2500.0,C,Operational
565010000010,"EARTHINGCOPPER BONDED ROD  17.2MM X 3MTR -1NO,",Dead Stock,Dead Stock,2500.0,C,Operational
565010000010,"EARTHINGCOPPER BONDED ROD  17.2MM X 3MTR -1NO,",Dead Stock,Dead Stock,2500.0,C,Operational
565100190054,Electrically Operated Lifting Barrier,Active,Monitor,0.0,C,Operational
565110000018,EARTHING GI EARTH PIPE,Active,Active,857908.42,C,Operational
565110000018,EARTHING GI EARTH PIPE,Active,Active,857908.42,C,Operational
565110000018,EARTHING GI EARTH PIPE,Active,Active,857908.42,C,Operational
565110000018,EARTHING GI EARTH PIPE,Active,Active,857908.42,C,Operational
565110000018,EARTHING GI EARTH PIPE,Active,Active,857908.42,A,Operational
565110000018,EARTHING GI EARTH PIPE,Active,Active,857908.42,C,Operational
565198793078,ELECTRIC KEY TRANSMITTER (EKT),Active,Active,86409.98,C,Operational
565199452726,.....,Dead Stock,Dead Stock,0.0,C,Operational
549008650015,"EARTHINGCOPPER BUS BAR 300 X 25 X6MM-1NO,",Dead Stock,Dead Stock,1800.0,C,Operational
549008660010,EARTHING COPPER CABLE 35 SQMM,Dead Stock,Dead Stock,0.0,C,Operational
549008670014,. EARTHING COPPER CABLE 16 SQMM,Slow Moving,Slow Moving,4500.0,C,Operational
551200010017,E TYPE LOCKS OF VARIOUS WARDS,Active,Active,46904.25,C,Operational
920500020022,ENGINE OIL 15W 40,Dead Stock,Dead Stock,0.0,C,Operational
569004580018,EARTHING COPPER BUS BAR 150 X 25 X6MM-1NO,Slow Moving,Very Slow Moving,12750.0,C,Operational
569004590012,"EARTHINGCOPPER BUS BAR 200 X 25 X6MM-1NO,",Slow Moving,Very Slow Moving,3927.28,C,Operational
569004600017,Earthing Salt,Dead Stock,Dead Stock,9786.0,C,Operational
569004610011,Earthing Charcoal,Dead Stock,Dead Stock,55274.0,C,Operational
569004620016,"Earth enhancing compound (JAM PLUS bag) 10Kg,",Dead Stock,Dead Stock,0.0,C,Operational
508002210705,"Earthing arrangements(Copper bonded steel rod17.2mm*3 Mtr),Compound in 10 KG BAGS -3 Nos f....",Active,Monitor,134474.61,C,Operational
470500010011,INVERTORS 110V 2 KVA,Dead Stock,Dead Stock,0.0,C,Operational
569002490324,IPS Spare  DC DC CONVERTER 24-32 V /5 A  as per RDSO Spec No. RDSO/SPN/165/2012,Dead Stock,Dead Stock,134250.0,C,Operational
560601730014,INSULATION GAUGE TIE PLATE,Active,Active,20421.47,C,Operational
560602380011,INSULATION FOR L BRACKET,Active,Active,51496.8,C,Operational
560603720048,"IPS Amara Raja I) DC-DC CONVERTER  24-32V/5A -02 Nos, ii)SPD Set  Class C 120V-1Set, iii) ....",Dead Stock,Dead Stock,0.0,C,Operational
560606843510,IPS Spare Inverter 2KVA Modules as per RDSO specification RDSO/SPN/165/2012 or latest,Dead Stock,Dead Stock,447812.0,B,Operational
539809991428,Rail insulation 60 Kg,Slow Moving,Slow Moving,496827.2,B,Operational
539829680120,SPARE for IPS SMR Module of rating 110V 20A As per Spec No. RDSO/SPN/165/2012 (VER 3.0),Slow Moving,Slow Moving,1943543.23,A,Operational
539832391173,IPS DC DC converter 24-40V/5A (spare) [ as per RDSO Spec no. RDSO/SPN/165/2012],Dead Stock,Dead Stock,135732.0,C,Operational
401107473190,INDOOR CABLE 40 Core X 0.6 MM,Active,Active,780435.0,A,Operational
569022980023,LC GATE PANEL,Slow Moving,Very Slow Moving,0.0,C,Operational
569895020150,Point insulation ( Nylon -66) Complete set with RDSO spec IRS-S-40/84 or latest consist o....,Slow Moving,Very Slow Moving,0.0,C,Operational
563045820018,"Insulation Set D Bracket for  IRS Point machine ( 1 RH Plate, 1 LH Plate, Bush-S-23199-04 ....",Slow Moving,Slow Moving,49826.76,C,Operational
563045820018,"Insulation Set D Bracket for  IRS Point machine ( 1 RH Plate, 1 LH Plate, Bush-S-23199-04 ....",Slow Moving,Slow Moving,49826.76,C,Operational
563045830012,"Insulation Set for leading Stretcher Bar for IRS Point machine ( Plate-T 10367, 01 no, Bu....",Active,Active,27412.67,C,Operational
563045832343,Insulation Set for Ground connection 220mm TWS Point machine.,Active,Active,100745.78,C,Operational
564800570079,IPS Inverter 2KVA (spare) [110vdc/230vac as per RDSO Spec no. RDSO/SPN/165/2012],Dead Stock,Dead Stock,0.0,C,Operational
565198332830,"INVERTER 24VDC-110VAC, 500VA",Active,Monitor,458440.54,B,Operational
567900828144,MINI IPS(INTEGRATED POWER SUPPLY) MAKE:-  STATCON,Slow Moving,Slow Moving,3598959.88,A,Operational
567908487032,IPS Spare  DC DC CONVERTER ( 24-40V)/ 10Amp ) as per RDSO Spec No. RDSO/SPN/165/2012 AMAR....,Slow Moving,Very Slow Moving,0.0,C,Operational
560400022715,DC-DC CONVERTOR MODULE 24v/32v/5A of Amara raja IPS,Dead Stock,Dead Stock,0.0,C,Operational
675903650011,Invertor 110 Volt(1.5 KVA),Slow Moving,Very Slow Moving,0.0,C,Operational
567913750011,Electrical Signalling equipments and spares not otherwise classified.,Dead Stock,Dead Stock,0.0,C,Operational
567925630017,Capacity Enhancement of existing HBL make IPS with additional modules to cater additional ....,Slow Moving,Very Slow Moving,381867.2,B,Operational
472200010039,INTEGRATED POWER SUPPLY (IPS) .,Slow Moving,Very Slow Moving,0.0,C,Operational
567912260012,.....,Dead Stock,Dead Stock,0.0,C,Operational
564400030010,Route Indicators multi lamp type.,Slow Moving,Very Slow Moving,0.0,C,Operational
564681480611,Route Indicator junction type 1 way (Metalic),Active,Monitor,10868.0,C,Operational
56500142,RELAY QNA1 ACI 8F/8B,Active,Active,329546.8,A,Operational
56500142,RELAY QNA1 ACI 8F/8B,Active,Active,329546.8,B,Operational
56508116,RELAY QN1 8F/8B PLUG IN TYPE,Active,Active,900329.8,A,Operational
56508116,RELAY QN1 8F/8B PLUG IN TYPE,Active,Active,900329.8,A,Operational
567900050017,Relay QNA1K 6F 6B,Dead Stock,Dead Stock,4952.0,C,Operational
567900050017,Relay QNA1K 6F 6B,Dead Stock,Dead Stock,4952.0,C,Operational
567900419578,"Relay QNN1, 4F/4B (24v DC Twin Neutral Line Relay.)",Active,Active,97491.6,C,Operational
567900419580,Relay QNN1 6F-2B,Slow Moving,Slow Moving,110490.4,C,Operational
567901200011,Relay QL1 11F/4B.,Active,Active,116830.89,C,Operational
555400280012,ROUTE INDICATOR STENCIL TYPE,Slow Moving,Slow Moving,0.0,C,Operational
560602547008,Relay QBCA1 2F 4B,Active,Active,94482.6,C,Operational
560603080011,RELAY QECX-61 [4F/4B],Active,Active,903415.39,C,Operational
560603080011,RELAY QECX-61 [4F/4B],Active,Active,903415.39,A,Operational
560603230010,RELAY QSPA1-8F/4B,Active,Monitor,220000.0,B,Operational
539805714839,Route indicator Junction type 2 way FRP,Active,Active,0.0,C,Operational
539805736227,Junction type route indicator 1 way FRP,Active,Active,38305.18,C,Operational
539805736239,Junction type route indicator 3 way FRP,Active,Active,25526.95,C,Operational
539805736240,Junction type route indicator 4 Way FRP,Active,Active,0.0,C,Operational
539805863432,RCC Pipe/ split pipe  150mm with coller 2 Mtr length,Slow Moving,Very Slow Moving,0.0,C,Operational
539811550018,ROAD WARNING   FRP Type 3 Aspect FOR DIGITAL VOICE ANOUNCIATING SYSTEM,Dead Stock,Dead Stock,0.0,C,Operational
539812900013,ROAD WARNING LED SIGNAL RED ASPECT FOR DIGITAL VOICE ANOUNCIATING SYSTEM,Dead Stock,Dead Stock,0.0,B,Operational
539812900013,ROAD WARNING LED SIGNAL RED ASPECT FOR DIGITAL VOICE ANOUNCIATING SYSTEM,Dead Stock,Dead Stock,0.0,C,Operational
539812910018,LED SIGNAL YELLOW FOR ROAD WARNING FOR DIGITAL VOICE ANOUNCIATING SYSTEM,Dead Stock,Dead Stock,0.0,C,Operational
539814451192,Relay QN1 (50V)-8F/8B.,Active,Active,146237.4,C,Operational
539818390010,ROAD WARNING DIGITAL VOICE ANNOUNCIATOR SYSTEM AMPLIFIER,Dead Stock,Dead Stock,0.0,C,Operational
539818390010,ROAD WARNING DIGITAL VOICE ANNOUNCIATOR SYSTEM AMPLIFIER,Dead Stock,Dead Stock,0.0,C,Operational
539818400014,ROAD WARNING DIGITAL VOICE ANNOUNCIATOR SYSTEM DRIVER UNIT,Active,Active,0.0,C,Operational
539818400014,ROAD WARNING DIGITAL VOICE ANNOUNCIATOR SYSTEM DRIVER UNIT,Active,Active,0.0,C,Operational
539818410019,ROAD WARNING DIGITAL VOICE ANNOUNCIATOR SYSTEM HORN,Active,Monitor,1500.0,C,Operational
539818410019,ROAD WARNING DIGITAL VOICE ANNOUNCIATOR SYSTEM HORN,Active,Monitor,1500.0,C,Operational
539822930026,Route  indicator junction type 4 way (Metalic),Active,Active,21164.0,C,Operational
539824660014,Route Indicator junction type 2 way (Metalic),Slow Moving,Slow Moving,0.0,C,Operational
539883710178,RELAY RACK,Slow Moving,Slow Moving,91520.0,C,Operational
539888230912,RELAY QN1  (12F/4B),Slow Moving,Very Slow Moving,0.0,C,Operational
539888230936,Relay QN1 (50V) 12F/4B,Slow Moving,Slow Moving,81580.0,C,Operational
560604104450,TRANSFORMER RECTIFIER 110V-24VDC- 5 Amps,Slow Moving,Slow Moving,450146.4,B,Operational
560600095593,Tag Block (64 IN PUT),Dead Stock,Dead Stock,1134.0,C,Operational
479027870607,"55 INCH Commercial LED display UHD large formate TV with HDMI port, USB port, Ethernet po....",Slow Moving,Very Slow Moving,0.0,C,Operational
560604104461,TRANSFORMER RECTIFIER 110VAC/24VDC/2 Amps,Active,Active,1247597.45,A,Operational
420427680017,Track Feed Battery Charger,Slow Moving,Slow Moving,22154.5,C,Operational
565099691772,Track feed Resistance 30 ohms(TFR),Active,Monitor,0.0,C,Operational
729099540056,"Toolkit for( HASSDAC, MDSAC)",Slow Moving,Slow Moving,0.0,C,Operational
565094390277,Track Lead Junction Box FRP Type.,Active,Active,105222.81,C,Operational
802000029550,Handheld Digital Infrared Thermometer,Slow Moving,Slow Moving,0.0,C,Operational
560600093419,Tag block 200 ways.,Dead Stock,Dead Stock,21204.0,C,Operational
508310480768,VRLA Battery 12V 28 AH,Active,Active,0.0,C,Operational
560609800352,"VDU 75"" Monitor(2 No)with 4K resolution ,Embedded PC (2Nos),Power supply arrangements(NS-....",Slow Moving,Slow Moving,2530000.0,A,Operational
560400026915,VPIM Vital Parallel Input module 50V (12 input) of Westrace mark-1 EI System,Active,Active,609501.8,B,Operational
539814381311,"Operator VDU NS-1 (55 inch Monitor-02Nos, Embedded PC -02 nos, Power supply-02 Nos with ac....",Active,Active,4711500.0,A,Operational
569018900041,VROM PROTECTION FILTER MODULE (VROM PFM) of Westrace Mark-I EI System,Active,Active,86000.0,C,Operational
727901305650,2V/200AH VRLA battery (60 CELL=01 SET),Active,Active,1342368.0,A,Operational
569018870048,VITAL Relay OUTPUT MODULE 50V of Westrace Mark I (VROM 50V) EI System,Active,Active,638000.0,A,Operational
567911630014,VOLTAGE STABILISER 3KVA FOR Electrical Signalling equipment.,Slow Moving,Slow Moving,70000.0,C,Operational
567911620010,VOLTAGE STABILISER 5KVA FOR Electrical Signalling equipments,Slow Moving,Very Slow Moving,0.0,C,Operational
539814381323,"NS-2( Maintenance   VDU  55-inch Monitor -01 No, Embedded PC -01 No, Power supply-01 No wi....",Active,Active,1788000.0,A,Operational
567911610015,VOLTAGE STABILISER 1 KVA FOR Electrical Signalling equipment,Active,Active,49500.0,C,Operational
569018890035,VPIM  Vital Protection Filter Module (VPIM PFM) of Westrace mark-1 EI system,Active,Active,109120.72,C,Operational
403300190518,Wire Coil PVC MULTICORE 4 sq mm (100Mtr coil),Slow Moving,Very Slow Moving,0.0,C,Operational
569894580172,PVC WIRE COIL 7/1.40 Sqmm (100Mtr coil),Active,Active,546165.36,B,Operational
400200120017,Wire coil PVC 0.6 Sq.mm (HOOK UP WIRE),Slow Moving,Very Slow Moving,0.0,C,Operational
400200120029,Wire coil PVC of size 16/0.2 Sqmm (100MTR LENGTH),Active,Active,230327.77,C,Operational
400200120029,Wire coil PVC of size 16/0.2 Sqmm (100MTR LENGTH),Active,Active,230327.77,B,Operational
561183540315,WIRE COIL PVC   3/0.75 SQMM (100 MTR LENGTH),Active,Active,128350.0,C,Operational
561300673302,Spare cards for Universal Fail Safe Block Interface (UFSBI) equipment as per RDSO spec. no....,Slow Moving,Very Slow Moving,0.0,C,Operational
432000370875,UPS 1 KVA with 2 battery and stand,Slow Moving,Very Slow Moving,0.0,C,Operational
570101041396,UPS - 600 VA,Dead Stock,Dead Stock,0.0,C,Operational
543500020087,CLS OFF SET BRACKET  90MM,Slow Moving,Slow Moving,41636.0,C,Operational
543500020087,CLS OFF SET BRACKET  90MM,Slow Moving,Slow Moving,41636.0,C,Operational
543500020099,CLS OFF SET BRACKET  140MM,Active,Active,26767.0,C,Operational
543500020099,CLS OFF SET BRACKET  140MM,Active,Active,26767.0,C,Operational
560606710042,HASSDAC-TRANSMITTER COIL21 KHZ,Active,Active,49500.0,C,Operational
560405710142,HASSDAC- Receiver coil 25 KHZ,Slow Moving,Slow Moving,0.0,C,Operational
560402982222,HASSDAC- transmitter coil 25KHZ,Active,Active,74250.0,C,Operational
560402480204,HASSDAC Complete Set,Slow Moving,Very Slow Moving,0.0,C,Operational
560405710130,HASSDAC Receiver coil -21KHZ,Slow Moving,Very Slow Moving,0.0,C,Operational
570132251479,All in One PC,Slow Moving,Very Slow Moving,0.0,C,Operational
549801611618,BATTERY CHARGER 230V AC /110VDC/ 30Amp,Slow Moving,Slow Moving,180540.0,B,Operational
549801611527,BATTERY CHARGER 230VAC/24V V DC/30Amp,Slow Moving,Slow Moving,0.0,C,Operational
565099636049,"BATTERY CHARGER 230V AC, 24- V DC 20A",Slow Moving,Slow Moving,0.0,C,Operational
561620292998,BATTERY CHARGER 110/24V/30 Amps,Active,Monitor,220612.11,B,Operational
567902160150,Spares for Heidz make Electrically Operated Lifting Barriers(EOLB)(With Solenoid locking )....,Active,Active,0.0,C,Operational
539805675937,Earth leakage detector (ELD)-8 Channels,Active,Active,664554.36,A,Operational
620706770074,GI pipe 50mm,Active,Monitor,68682.0,C,Operational
522003170126,PBT TERMINAL 60MM,Active,Active,0.0,C,Operational
522003030079,EOLB COMPLETE SET,Active,Active,3199588.0,A,Operational
508503571966,Earth Leakage Detector (ELD) 12 channels,Active,Active,301683.46,B,Operational
508200010496,special Earthing arrangement ( MAINTENANCE FREE)1) Copper bonded rod 3 Mtr long 17.2mm Di....,Active,Monitor,1124740.4,A,Operational
469031995099,RCC Cable Marker,Active,Active,64349.25,C,Operational
400580175939,PVC CABLE 12C X 1.5 Sqmm,Active,Active,0.0,C,Operational
539897026805,GI Earth Electrode (EARTH PIPE),Active,Monitor,226625.0,B,Operational
539882051114,GI pipe 100MM,Active,Active,228308.64,B,Operational
539806747737,PBT Fuse block with out ND fuse,Active,Active,5192.0,C,Operational
561195734699,PVC insulated Cable 24 Core x 1.5 sq mm,Active,Active,6396323.85,A,Operational
564800150406,PBT TERMINAL 25MM 1 WAY,Active,Active,233472.0,B,Operational
562301160135,PVC Warning tape colour Orange width of 250mm,Active,Active,115375.0,C,Operational
569894220106,EOLB Spare Octagonal Boom/ GI Octagonal Boom 9.76 mtr.,Active,Active,713680.0,A,Operational
567927800029,MINI DCDP CABINET (SUITABLE FOR AMARARAJA ),Active,Active,2647346.0,A,Operational
567917740024,LIMIT SWITCH (2NO / 2 NC),Active,Active,344100.0,B,Operational
569019736893,DWC Pipe 103.5mm inner dia & 120 mm outer dia.,Active,Active,14607.6,C,Operational
237902930042,GI PIPE 50 MM DIA,Active,Monitor,46703.76,C,Operational
469909561145,GI PIPE 100MM,Active,Monitor,0.0,C,Operational
562301160093,PVC Warning tape colour Orange width of 250mm (10),Active,Monitor,0.0,C,Operational
561195734663,PVC insulated Cable 24 Core x 1.5 sq mm,Active,Active,0.0,C,Operational
539865360104,Cable 30 Core X 1.5 Sq.mm,Active,Active,0.0,C,Operational
539869051904,Cable 12 Core x 1.5 Sq. mm.,Active,Monitor,0.0,C,Operational
539882051102,GI pipe 100 MM dia,Active,Monitor,0.0,C,Operational
562301160100,PVC Warning tape colour Orange width of 250mm,Active,Monitor,0.0,C,Operational
539897110087,Cable 19 Core x 1.5 Sqm,Active,Active,0.0,C,Operational
539863990080,PCINIO-B CARDS FOR OPC KYOSAN,Active,Monitor,0.0,C,Operational
560408770101,FRMC MODULE FOR EI ( KYOSAN),Active,Active,1068760.0,A,Operational
570109490830,Embedded PC (Kyosam Make),Active,Monitor,4620000.0,A,Operational
508200010514,Special Earthing arrangement ( Earthing arrangements(Copper bonded steel rod 17.2mm*3 Mtr....,Active,Monitor,421777.65,B,Operational
562301160111,PVC Warning tape colour Orange width of 250mm,Active,Monitor,69225.0,C,Operational
620732760088,GI pipe 50mm dia,Active,Monitor,0.0,C,Operational
569019736900,DWC Pipe (103.5mm Inner Dia/120mm Outer Dia.),Active,Active,6573.42,C,Operational
539863990091,PCINIO-B CARD FOR MTC,Active,Monitor,0.0,C,Operational
469909561157,GI PIPE 100MM,Active,Monitor,100724.4,C,Operational
337300030133,"Transformer 230VAC/110V AC,3000 VA",Active,Active,25699.57,C,Operational
569019737502,DWC Pipe (103.5mm Inner Dia/120mm Outer Dia.),Active,Active,6573.42,C,Operational
508200010563,MAINTENANCE FREE special Earthing arrangement (Earthing arrangements (Copper bonded stee....,Active,Active,0.0,C,Operational
569901870774,Track Feed Battery Charger,Active,Active,70004.0,C,Operational
562301160147,PVC Warning Tape Colour Orange width of 250mm (10),Active,Active,129220.0,C,Operational
565000096143,B Type Choke,Active,Active,142780.0,C,Operational
567911430037,Self Regulating Battery Charger 230/110/30A,Active,Active,94023.43,C,Operational
539897071434,Split DWC PIPE,Active,Active,679875.0,A,Operational
539897027755,EARTH ELECTRODE,Active,Active,64750.0,C,Operational
503524620224,Signal post Telephone,Active,Active,11897.35,C,Operational
539888231825,Relay QN1 8F/8B     (50V),Active,Active,493240.0,B,Operational
539883712606,RELAY RACK,Active,Active,0.0,C,Operational
472002302370,TRANSFORMER RECTIFIER 230/24V/1-A,Active,Active,12335.32,C,Operational
469909561303,GI PIPE 100 mm Dia.   .,Active,Active,355892.88,B,Operational
560600018860,FTOT,Active,Active,0.0,C,Operational
560608710010,PBT TERMINAL 60mm,Dead Stock,Dead Stock,3500.0,A,Operational
560608710010,PBT TERMINAL 60mm,Dead Stock,Dead Stock,3500.0,C,Operational
560603950017,POINT RODING 18 FEET LENGTH,Dead Stock,Dead Stock,15200.0,C,Operational
569003260030,POINT ROD 16 feet,Dead Stock,Dead Stock,0.0,C,Operational
553000310015,POINT ROCKER ARM ASSEMBLY FOR POINT,Dead Stock,Dead Stock,3000.0,C,Operational
564800150145,PBT TERMINAL 25MM Released,Dead Stock,Dead Stock,0.0,C,Operational
556200010097,Released Bottom Roller,Dead Stock,Dead Stock,0.0,C,Operational
500108770028,12V 65AH VRLA Battery. (Released),Slow Moving,Slow Moving,119680.0,C,Operational
419000010644,BACKING PLATES,Dead Stock,Dead Stock,3500.0,C,Operational
396800560033,SMF LEAD ACID BATTERY 12V 42 AH,Slow Moving,Very Slow Moving,0.0,C,Operational
839096160833,STOP BOARD,Dead Stock,Dead Stock,0.0,C,Operational
549007470017,Goods Warning Board RELEASED,Dead Stock,Dead Stock,0.0,C,Operational
549007470017,Goods Warning Board RELEASED,Dead Stock,Dead Stock,0.0,C,Operational
549007470017,Goods Warning Board RELEASED,Dead Stock,Dead Stock,0.0,C,Operational
549007470017,Goods Warning Board RELEASED,Dead Stock,Dead Stock,0.0,C,Operational
400900010440,CABLE 3 core X 10 Sq.mm Aluminium IN BITTS,Active,Monitor,28560.0,C,Operational
403600040101,Released Power Cable 2C X 25sqmm,Dead Stock,Dead Stock,0.0,C,Operational
432900492237,Chair Steel Tubular (Released),Dead Stock,Dead Stock,0.0,C,Operational
45147012,"catenary wire (19/2.10 mm), 65 Sq.mm.",Dead Stock,Dead Stock,0.0,C,Operational
539825590032,CLS POST 3.6 MTRS Released,Dead Stock,Dead Stock,0.0,C,Operational
539826140010,CT Box Point (MS sheet Iron),Dead Stock,Dead Stock,0.0,C,Operational
539826141002,CT Box Cover sheet iron type,Dead Stock,Dead Stock,0.0,C,Operational
539826141002,CT Box Cover sheet iron type,Dead Stock,Dead Stock,0.0,C,Operational
544100190018,CLS POST 2.5 Mtrs,Dead Stock,Dead Stock,700.0,C,Operational
544100200012,CLS POST 4.6 MTRS  RELEASED,Dead Stock,Dead Stock,0.0,C,Operational
549008230014,CLS TWO ASPECT,Dead Stock,Dead Stock,0.0,C,Operational
561195930014,PVC INSULATED CABLE 19C x 1.5 sq.mm,Dead Stock,Dead Stock,0.0,C,Operational
561196001114,Released Cable 30C X 1.5sqmm,Dead Stock,Dead Stock,0.0,C,Operational
561196440018,CABLE 2 CORE 35 SQMM,Dead Stock,Dead Stock,0.0,C,Operational
564200080016,CLS POST  3.6 Mtr.,Dead Stock,Dead Stock,0.0,C,Operational
564680680010,CLS unit 3 Aspect,Dead Stock,Dead Stock,0.0,C,Operational
565094810424,Change Over Switch 63 A,Slow Moving,Very Slow Moving,1000.0,C,Operational
569003070010,CALLING ON LEGEND BOARD Miscellaneous.,Dead Stock,Dead Stock,0.0,C,Operational
565172841033,Datalogger 512Digital inputs & 32 Analog Inputs make Efftronics,Active,Active,0.0,C,Operational
565110000018,PROCESSER CARD FOR HBL DATALOGGER RELEASED,Dead Stock,Dead Stock,0.0,C,Operational
565110000018,PROCESSER CARD FOR HBL DATALOGGER RELEASED,Dead Stock,Dead Stock,0.0,C,Operational
565110000018,PROCESSER CARD FOR HBL DATALOGGER RELEASED,Dead Stock,Dead Stock,0.0,C,Operational
565110000018,PROCESSER CARD FOR HBL DATALOGGER RELEASED,Dead Stock,Dead Stock,0.0,C,Operational
565110000018,PROCESSER CARD FOR HBL DATALOGGER RELEASED,Dead Stock,Dead Stock,0.0,A,Operational
565110000018,PROCESSER CARD FOR HBL DATALOGGER RELEASED,Dead Stock,Dead Stock,0.0,C,Operational
569003080014,POWER SUPPLY CARD FOR HBL MAKE DATA LOGGER RELEASED Miscellaneous.,Dead Stock,Dead Stock,0.0,C,Operational
839049213415,"Stock indent, NS Indent forms, Medical card, Imprest cash book, Receipt and Despatch regi....",Slow Moving,Slow Moving,0.0,C,Operational
567900760010,ROAD WARNING  CLS Unit 3 Aspect  (FRP) RELEASED.,Dead Stock,Dead Stock,0.0,A,Operational
567900760010,ROAD WARNING  CLS Unit 3 Aspect  (FRP) RELEASED.,Dead Stock,Dead Stock,0.0,C,Operational
539810120016,Fuse Block PBT Cartridge,Dead Stock,Dead Stock,0.0,C,Operational
543100010017,Foundation A type,Dead Stock,Dead Stock,0.0,C,Operational
560600017697,FTOT (CT RACK),Dead Stock,Dead Stock,1000.0,C,Operational
501000262102,RELEASED GI pipe 50 MM,Slow Moving,Very Slow Moving,0.0,C,Operational
565099960011,GRS box full size,Dead Stock,Dead Stock,1000.0,C,Operational
501000262618,RELEASED GI pipe 75 MM,Slow Moving,Very Slow Moving,0.0,C,Operational
501000262618,RELEASED GI pipe 75 MM,Slow Moving,Very Slow Moving,0.0,C,Operational
549007470017,Goods Warning Board,Dead Stock,Dead Stock,0.0,C,Operational
549007470017,Goods Warning Board,Dead Stock,Dead Stock,0.0,C,Operational
549007470017,Goods Warning Board,Dead Stock,Dead Stock,0.0,C,Operational
549007470017,Goods Warning Board,Dead Stock,Dead Stock,0.0,C,Operational
549008200010,GRS BOX RTU TYPE,Dead Stock,Dead Stock,4000.0,C,Operational
549008200010,GRS BOX RTU TYPE,Dead Stock,Dead Stock,4000.0,B,Operational
549008200010,GRS BOX RTU TYPE,Dead Stock,Dead Stock,4000.0,C,Operational
549801630030,GRS BOX QUARTER SIZE (released),Slow Moving,Very Slow Moving,0.0,C,Operational
553000020013,ground lever frame,Dead Stock,Dead Stock,0.0,C,Operational
553000020013,ground lever frame,Dead Stock,Dead Stock,0.0,C,Operational
501000262862,Released GI Pipe 100 mm,Active,Monitor,0.0,C,Operational
539812830047,GRS box half size (Released),Dead Stock,Dead Stock,0.0,C,Operational
657901302854,IRON scrap released items,Slow Moving,Very Slow Moving,0.0,C,Operational
560603041807,LED RED MAIN ASPECT,Dead Stock,Dead Stock,0.0,C,Operational
559000750010,JOINT SOLID FOR RODDING Miscellaneous.,Dead Stock,Dead Stock,0.0,C,Operational
559000750010,JOINT SOLID FOR RODDING Miscellaneous.,Dead Stock,Dead Stock,0.0,C,Operational
565000081681,LED ASPECT GREEN,Dead Stock,Dead Stock,0.0,C,Operational
543500010010,CLS LADDER 3.5 Mtrs,Dead Stock,Dead Stock,3937.5,C,Operational
543500010010,CLS LADDER 3.5 Mtrs,Dead Stock,Dead Stock,3937.5,C,Operational
543600010031,OFFSET BRACKET 90mm Dia,Dead Stock,Dead Stock,0.0,C,Operational
553000320010,ROLLER STAND FOR ROLLER SEGMENT ARRANGEMENT,Dead Stock,Dead Stock,0.0,C,Operational
567907020018,Relay QNA1K,Dead Stock,Dead Stock,0.0,C,Operational
560602546399,Relay QBCA1(Released),Dead Stock,Dead Stock,0.0,C,Operational
464212020791,RELAY QL1-8F/6B,Dead Stock,Dead Stock,0.0,C,Operational
550100010010,COMPENSATOR FOR RODDING,Slow Moving,Very Slow Moving,0.0,C,Operational
541500100048,SEMAPHORE SIGNAL ARM for Distant signal(Yellow),Slow Moving,Very Slow Moving,0.0,C,Operational
541500100050,SEMAPHORE SIGNAL ARM for warning signal(Red),Slow Moving,Very Slow Moving,0.0,C,Operational
543100020011,SURFACE BASE 140 MM DIA,Dead Stock,Dead Stock,17318.18,C,Operational
543100020011,SURFACE BASE 140 MM DIA,Dead Stock,Dead Stock,17318.18,B,Operational
543100020011,SURFACE BASE 140 MM DIA,Dead Stock,Dead Stock,17318.18,C,Operational
559000760014,SM'S CONTROL INSTRUMENT (8 SLIDES)Miscellaneous.,Dead Stock,Dead Stock,0.0,C,Operational
565010000010,CLS TRANSFORMER (MISCELLANEOUS APPLIANCES.),Dead Stock,Dead Stock,0.0,C,Operational
565010000010,CLS TRANSFORMER (MISCELLANEOUS APPLIANCES.),Dead Stock,Dead Stock,0.0,C,Operational
565010000010,CLS TRANSFORMER (MISCELLANEOUS APPLIANCES.),Dead Stock,Dead Stock,0.0,C,Operational
565010000010,CLS TRANSFORMER (MISCELLANEOUS APPLIANCES.),Dead Stock,Dead Stock,0.0,C,Operational
565010000010,CLS TRANSFORMER (MISCELLANEOUS APPLIANCES.),Dead Stock,Dead Stock,0.0,C,Operational
672202850527,TYRE FOR LORRY RELEASED,Dead Stock,Dead Stock,1500.0,C,Operational
569003190026,TERMINAL 50 WAY  RELEASED,Dead Stock,Dead Stock,0.0,C,Operational
539829341087,Transformer 230/110/ 2 KVA(Released),Dead Stock,Dead Stock,0.0,C,Operational
542400200019,TRESTLE EXTENSION FOR ROLLER STAND (OLD TYPE),Dead Stock,Dead Stock,0.0,C,Operational
472001760946,TRANSFORMER 230/110V 1KVA(Released),Dead Stock,Dead Stock,0.0,C,Operational
549005930013,TOP ROLLER FOR ROLLER SEGMENT ARRRANGEMENT,Dead Stock,Dead Stock,0.0,C,Operational
553000300010,POINT ROD 'T' JOINT,Dead Stock,Dead Stock,2100.0,C,Operational
781016680012,T/W COUNTER,Dead Stock,Dead Stock,0.0,C,Operational
565100010106,TRANSFORMER 230v/110 500VA,Dead Stock,Dead Stock,0.0,C,Operational
565100010106,TRANSFORMER 230v/110 500VA,Dead Stock,Dead Stock,0.0,C,Operational
781013370036,Table wooden T/W(Released),Dead Stock,Dead Stock,0.0,C,Operational
553000290028,ED ELECTRICAL POINT AND  LOCK DETECTOR(Released),Dead Stock,Dead Stock,0.0,C,Operational
539838560011,UPS 600 VA,Dead Stock,Dead Stock,0.0,C,Operational
