Location_ID,Facility_Type,Inventory_Value,Operational_ABC,Inventory_Action
DEP-SSET-SRM-PER027029-S-AND-T-SR,Depot,60.0,C,Dispose
DEP-SSET-SRM-PER027029-S-AND-T-SR,Depot,18558.0,C,Monitor
DEP-SSET-SRM-PER027029-S-AND-T-SR,Depot,0.0,C,Dispose
DEP-SSET-SRM-PER027029-S-AND-T-SR,Depot,10400.0,C,Monitor
DEP-SSET-SRM-PER027029-S-AND-T-SR,Depot,0.0,C,Dispose
DEP-SSET-SRM-PER027029-S-AND-T-SR,Depot,26000.0,C,Dispose
DEP-SSET-SRM-PER027029-S-AND-T-SR,Depot,30840.0,C,Monitor
DEP-SSET-SRM-PER027029-S-AND-T-SR,Depot,87331.8,C,Retain
DEP-SSET-SRM-PER027029-S-AND-T-SR,Depot,0.0,C,Rationalize
DEP-SSET-SRM-PER027029-S-AND-T-SR,Depot,83780.0,C,Monitor
DEP-SSET-SRM-PER027029-S-AND-T-SR,Depot,0.0,C,Dispose
DEP-SSET-SRM-PER027029-S-AND-T-SR,Depot,0.0,C,Rationalize
DEP-SSET-SRM-PER027029-S-AND-T-SR,Depot,0.0,C,Retain
DEP-SSET-SRM-PER027029-S-AND-T-SR,Depot,0.0,C,Dispose
DEP-SSET-SRM-PER027029-S-AND-T-SR,Depot,0.0,C,Dispose
DEP-SSET-SRM-PER027029-S-AND-T-SR,Depot,0.0,C,Dispose
DEP-SSET-SRM-PER027029-S-AND-T-SR,Depot,18000.0,C,Monitor
DEP-SSET-SRM-PER027029-S-AND-T-SR,Depot,34295.5,C,Retain
DEP-SSET-SRM-PER027029-S-AND-T-SR,Depot,0.0,C,Dispose
DEP-SSET-SRM-PER027029-S-AND-T-SR,Depot,0.0,C,Dispose
DEP-SSET-SRM-PER027029-S-AND-T-SR,Depot,200000.0,C,Monitor
DEP-SSET-SRM-PER027029-S-AND-T-SR,Depot,179200.0,C,Monitor
DEP-SSET-SRM-PER027029-S-AND-T-SR,Depot,0.0,C,Dispose
DEP-SSET-SRM-PER027029-S-AND-T-SR,Depot,0.0,C,Dispose
DEP-SSET-SRM-PER027029-S-AND-T-SR,Depot,0.0,C,Retain
DEP-SSET-SRM-PER027029-S-AND-T-SR,Depot,17995.0,C,Dispose
DEP-SSET-SRM-PER027029-S-AND-T-SR,Depot,0.0,C,Rationalize
DEP-SSET-SRM-PER027029-S-AND-T-SR,Depot,0.0,C,Dispose
DEP-SSET-SRM-PER027029-S-AND-T-SR,Depot,0.0,C,Dispose
DEP-SSET-SRM-PER027029-S-AND-T-SR,Depot,208046.0,C,Retain
DEP-SSET-SRM-PER027029-S-AND-T-SR,Depot,0.0,C,Retain
DEP-SSET-SRM-PER027029-S-AND-T-SR,Depot,69600.0,C,Monitor
DEP-SSET-SRM-PER027029-S-AND-T-SR,Depot,23370.0,C,Retain
DEP-SSET-SRM-PER027029-S-AND-T-SR,Depot,82187.0,C,Monitor
DEP-SSET-SRM-PER027029-S-AND-T-SR,Depot,0.0,C,Rationalize
DEP-SSET-SRM-PER027029-S-AND-T-SR,Depot,3375.0,C,Monitor
DEP-SSET-SRM-PER027029-S-AND-T-SR,Depot,39884.0,C,Retain
DEP-SSET-SRM-PER027029-S-AND-T-SR,Depot,0.0,C,Retain
DEP-SSET-SRM-PER027029-S-AND-T-SR,Depot,372161.02,C,Retain
DEP-SSET-SRM-PER027029-S-AND-T-SR,Depot,550470.0,C,Retain
DEP-SSET-SRM-PER027029-S-AND-T-SR,Depot,1078191.54,B,Rationalize
DEP-SSET-SRM-PER027029-S-AND-T-SR,Depot,0.0,C,Rationalize
DEP-SSET-SRM-PER027029-S-AND-T-SR,Depot,0.0,C,Dispose
DEP-SSET-SRM-PER027029-S-AND-T-SR,Depot,0.0,C,Rationalize
DEP-SSET-SRM-PER027029-S-AND-T-SR,Depot,0.0,C,Retain
DEP-SSET-SRM-PER027029-S-AND-T-SR,Depot,16800.0,C,Monitor
DEP-SSET-SRM-PER027029-S-AND-T-SR,Depot,4902.55,C,Retain
DEP-SSET-SRM-PER027029-S-AND-T-SR,Depot,43819.83,C,Retain
DEP-SSET-SRM-PER027029-S-AND-T-SR,Depot,73005.95,C,Retain
DEP-SSET-SRM-PER027029-S-AND-T-SR,Depot,0.0,C,Dispose
DEP-SSET-SRM-PER027029-S-AND-T-SR,Depot,0.0,C,Retain
DEP-SSET-SRM-PER027029-S-AND-T-SR,Depot,34983.0,C,Retain
DEP-SSET-SRM-PER027029-S-AND-T-SR,Depot,36305.1,C,Retain
DEP-SSET-SRM-PER027029-S-AND-T-SR,Depot,0.0,C,Rationalize
DEP-SSET-SRM-PER027029-S-AND-T-SR,Depot,16342.82,C,Rationalize
DEP-SSET-SRM-PER027029-S-AND-T-SR,Depot,0.0,C,Rationalize
DEP-SSET-SRM-PER027029-S-AND-T-SR,Depot,0.0,C,Rationalize
DEP-SSET-SRM-PER027029-S-AND-T-SR,Depot,0.0,C,Rationalize
DEP-SSET-SRM-PER027029-S-AND-T-SR,Depot,0.0,C,Dispose
DEP-SSET-SRM-PER027029-S-AND-T-SR,Depot,0.0,C,Rationalize
DEP-SSET-SRM-PER027029-S-AND-T-SR,Depot,728284.2,B,Rationalize
DEP-SSET-SRM-PER027029-S-AND-T-SR,Depot,65342.0,C,Monitor
DEP-SSET-SRM-PER027029-S-AND-T-SR,Depot,181360.1,C,Retain
DEP-SSET-SRM-PER027029-S-AND-T-SR,Depot,94800.0,C,Monitor
DEP-SSET-SRM-PER027029-S-AND-T-SR,Depot,27720.0,C,Monitor
DEP-SSET-SRM-PER027029-S-AND-T-SR,Depot,1023000.0,B,Monitor
DEP-SSET-SRM-PER027029-S-AND-T-SR,Depot,7334.88,C,Retain
DEP-SSET-SRM-PER027029-S-AND-T-SR,Depot,8525.36,C,Retain
DEP-SSET-SRM-PER027029-S-AND-T-SR,Depot,0.0,C,Rationalize
DEP-SSET-SRM-PER027029-S-AND-T-SR,Depot,0.0,C,Dispose
DEP-SSET-SRM-PER027029-S-AND-T-SR,Depot,0.0,C,Rationalize
DEP-SSET-SRM-PER027029-S-AND-T-SR,Depot,0.0,C,Rationalize
DEP-SSET-SRM-PER027029-S-AND-T-SR,Depot,0.0,C,Rationalize
DEP-SSET-SRM-PER027029-S-AND-T-SR,Depot,0.0,C,Rationalize
DEP-SSET-SRM-PER027029-S-AND-T-SR,Depot,0.0,C,Dispose
DEP-SSET-SRM-PER027029-S-AND-T-SR,Depot,0.0,C,Retain
DEP-SSET-SRM-PER027029-S-AND-T-SR,Depot,0.0,C,Dispose
DEP-SSET-SRM-PER027029-S-AND-T-SR,Depot,0.0,C,Rationalize
DEP-SSET-SRM-PER027029-S-AND-T-SR,Depot,0.0,C,Dispose
DEP-SSET-SRM-PER027029-S-AND-T-SR,Depot,0.0,C,Rationalize
DEP-SSET-SRM-PER027029-S-AND-T-SR,Depot,0.0,C,Rationalize
DEP-SSET-SRM-PER027029-S-AND-T-SR,Depot,0.0,C,Rationalize
DEP-SSET-SRM-PER027029-S-AND-T-SR,Depot,0.0,C,Dispose
DEP-SSET-SRM-PER027029-S-AND-T-SR,Depot,0.0,C,Retain
DEP-SSET-SRM-PER027029-S-AND-T-SR,Depot,0.0,C,Rationalize
DEP-SSET-SRM-PER027029-S-AND-T-SR,Depot,0.0,C,Dispose
DEP-SSET-SRM-PER027029-S-AND-T-SR,Depot,0.0,C,Dispose
DEP-SSET-SRM-PER027029-S-AND-T-SR,Depot,0.0,C,Rationalize
DEP-SSET-SRM-PER027029-S-AND-T-SR,Depot,0.0,C,Retain
DEP-SSET-SRM-PER027029-S-AND-T-SR,Depot,0.0,C,Dispose
DEP-SSET-SRM-PER027029-S-AND-T-SR,Depot,3026.0,C,Monitor
DEP-SSET-SRM-PER027029-S-AND-T-SR,Depot,381715.84,C,Retain
DEP-SSET-SRM-PER027029-S-AND-T-SR,Depot,0.0,C,Retain
DEP-SSET-SRM-PER027029-S-AND-T-SR,Depot,0.0,C,Retain
DEP-SSET-SRM-PER027029-S-AND-T-SR,Depot,0.0,C,Dispose
DEP-SSET-SRM-PER027029-S-AND-T-SR,Depot,117683.39,C,Retain
DEP-SSET-SRM-PER027029-S-AND-T-SR,Depot,20000.0,C,Dispose
DEP-SSET-SRM-PER027029-S-AND-T-SR,Depot,0.0,C,Dispose
DEP-SSET-SRM-PER027029-S-AND-T-SR,Depot,0.0,C,Dispose
DEP-SSET-SRM-PER027029-S-AND-T-SR,Depot,0.0,C,Dispose
DEP-SSET-SRM-PER027029-S-AND-T-SR,Depot,0.0,C,Dispose
DEP-SSET-SRM-PER027029-S-AND-T-SR,Depot,0.0,C,Rationalize
DEP-SSET-SRM-PER027029-S-AND-T-SR,Depot,0.0,C,Dispose
DEP-SSET-SRM-PER027029-S-AND-T-SR,Depot,0.0,C,Dispose
DEP-SSET-SRM-PER027029-S-AND-T-SR,Depot,0.0,C,Dispose
DEP-SSET-SRM-PER027029-S-AND-T-SR,Depot,0.0,C,Dispose
DEP-SSET-SRM-PER027029-S-AND-T-SR,Depot,0.0,C,Dispose
DEP-SSET-SRM-PER027029-S-AND-T-SR,Depot,0.0,C,Dispose
DEP-SSET-SRM-PER027029-S-AND-T-SR,Depot,0.0,C,Rationalize
DEP-SSET-SRM-PER027029-S-AND-T-SR,Depot,0.0,C,Dispose
DEP-SSET-SRM-PER027029-S-AND-T-SR,Depot,0.0,C,Rationalize
DEP-SSET-SRM-PER027029-S-AND-T-SR,Depot,0.0,C,Retain
DEP-SSET-SRM-PER027029-S-AND-T-SR,Depot,163560.0,C,Retain
DEP-SSET-SRM-PER027029-S-AND-T-SR,Depot,0.0,C,Dispose
DEP-SSET-SRM-PER027029-S-AND-T-SR,Depot,0.0,C,Dispose
DEP-SSET-SRM-PER027029-S-AND-T-SR,Depot,0.0,C,Dispose
DEP-SSET-SRM-PER027029-S-AND-T-SR,Depot,0.0,C,Dispose
DEP-SSET-SRM-PER027029-S-AND-T-SR,Depot,0.0,C,Dispose
DEP-SSET-SRM-PER027029-S-AND-T-SR,Depot,0.0,C,Dispose
DEP-SSET-SRM-PER027029-S-AND-T-SR,Depot,0.0,C,Dispose
DEP-SSET-SRM-PER027029-S-AND-T-SR,Depot,131747.0,C,Dispose
DEP-SSET-SRM-PER027029-S-AND-T-SR,Depot,139924.4,C,Dispose
DEP-SSET-SRM-PER027029-S-AND-T-SR,Depot,0.0,C,Dispose
DEP-SSET-SRM-PER027029-S-AND-T-SR,Depot,0.0,C,Rationalize
DEP-SSET-SRM-PER027029-S-AND-T-SR,Depot,0.0,C,Rationalize
DEP-SSET-SRM-PER027029-S-AND-T-SR,Depot,0.0,C,Dispose
DEP-SSET-SRM-PER027029-S-AND-T-SR,Depot,0.0,C,Dispose
DEP-SSET-SRM-PER027029-S-AND-T-SR,Depot,77880.0,C,Retain
DEP-SSET-SRM-PER027029-S-AND-T-SR,Depot,0.0,C,Rationalize
DEP-SSET-SRM-PER027029-S-AND-T-SR,Depot,8024.0,C,Dispose
DEP-SSET-SRM-PER027029-S-AND-T-SR,Depot,0.0,C,Rationalize
DEP-SSET-SRM-PER027029-S-AND-T-SR,Depot,15000.0,C,Retain
DEP-SSET-SRM-PER027029-S-AND-T-SR,Depot,0.0,C,Dispose
DEP-SSET-SRM-PER027029-S-AND-T-SR,Depot,0.0,C,Dispose
DEP-SSET-SRM-PER027029-S-AND-T-SR,Depot,41370.0,C,Dispose
DEP-SSET-SRM-PER027029-S-AND-T-SR,Depot,0.0,C,Dispose
DEP-SSET-SRM-PER027029-S-AND-T-SR,Depot,13995.0,C,Retain
DEP-SSET-SRM-PER027029-S-AND-T-SR,Depot,0.0,C,Dispose
DEP-SSET-SRM-PER027029-S-AND-T-SR,Depot,0.0,C,Rationalize
DEP-SSET-SRM-PER027029-S-AND-T-SR,Depot,0.0,C,Rationalize
DEP-SSET-SRM-PER027029-S-AND-T-SR,Depot,0.0,C,Dispose
DEP-SSET-SRM-PER027029-S-AND-T-SR,Depot,0.0,C,Dispose
DEP-SSET-SRM-PER027029-S-AND-T-SR,Depot,0.0,C,Dispose
DEP-SSET-SRM-PER027029-S-AND-T-SR,Depot,0.0,C,Dispose
DEP-SSET-SRM-PER027029-S-AND-T-SR,Depot,153000.0,C,Rationalize
DEP-SSET-SRM-PER027029-S-AND-T-SR,Depot,21708.0,C,Retain
DEP-SSET-SRM-PER027029-S-AND-T-SR,Depot,0.0,C,Dispose
DEP-SSET-SRM-PER027029-S-AND-T-SR,Depot,0.0,C,Retain
DEP-SSET-SRM-PER027029-S-AND-T-SR,Depot,174798.0,C,Retain
DEP-SSET-SRM-PER027029-S-AND-T-SR,Depot,126000.0,C,Retain
DEP-SSET-SRM-PER027029-S-AND-T-SR,Depot,35990.0,C,Rationalize
DEP-SSET-SRM-PER027029-S-AND-T-SR,Depot,0.0,C,Dispose
DEP-SSET-SRM-PER027029-S-AND-T-SR,Depot,0.0,C,Dispose
DEP-SSET-SRM-PER027029-S-AND-T-SR,Depot,0.0,C,Dispose
DEP-SSET-SRM-PER027029-S-AND-T-SR,Depot,0.0,C,Rationalize
DEP-SSET-SRM-PER027029-S-AND-T-SR,Depot,0.0,C,Rationalize
DEP-SSET-SRM-PER027029-S-AND-T-SR,Depot,0.0,C,Dispose
DEP-SSET-SRM-PER027029-S-AND-T-SR,Depot,0.0,C,Retain
DEP-SSET-SRM-PER027029-S-AND-T-SR,Depot,83997.12,C,Retain
DEP-SSET-SRM-PER027029-S-AND-T-SR,Depot,32000.0,C,Dispose
DEP-SSET-SRM-PER027029-S-AND-T-SR,Depot,0.0,C,Dispose
DEP-SSET-SRM-PER027029-S-AND-T-SR,Depot,0.0,C,Dispose
DEP-SSET-SRM-PER027029-S-AND-T-SR,Depot,0.0,C,Rationalize
DEP-SSET-SRM-PER027029-S-AND-T-SR,Depot,0.0,C,Retain
DEP-SSET-SRM-PER027029-S-AND-T-SR,Depot,0.0,C,Dispose
DEP-SSET-SRM-PER027029-S-AND-T-SR,Depot,0.0,C,Dispose
DEP-SSET-SRM-PER027029-S-AND-T-SR,Depot,3220.0,C,Dispose
DEP-SSET-SRM-PER027029-S-AND-T-SR,Depot,24000.0,C,Rationalize
DEP-SSET-SRM-PER027029-S-AND-T-SR,Depot,10444.0,C,Rationalize
DEP-SSET-SRM-PER027029-S-AND-T-SR,Depot,0.0,C,Rationalize
DEP-SSET-SRM-PER027029-S-AND-T-SR,Depot,0.0,C,Dispose
DEP-SSET-SRM-PER027029-S-AND-T-SR,Depot,0.0,C,Rationalize
DEP-SSET-SRM-PER027029-S-AND-T-SR,Depot,0.0,C,Retain
DEP-SSET-SRM-PER027029-S-AND-T-SR,Depot,0.0,C,Retain
DEP-SSET-SRM-PER027029-S-AND-T-SR,Depot,0.0,C,Rationalize
DEP-SSET-SRM-PER027029-S-AND-T-SR,Depot,234.0,C,Retain
DEP-SSET-SRM-PER027029-S-AND-T-SR,Depot,0.0,C,Retain
DEP-SSET-SRM-PER027029-S-AND-T-SR,Depot,150634.08,C,Retain
DEP-SSET-SRM-PER027029-S-AND-T-SR,Depot,94445.83,C,Retain
DEP-SSET-SRM-PER027029-S-AND-T-SR,Depot,93911.81,C,Retain
DEP-SSET-SRM-PER027029-S-AND-T-SR,Depot,70101.44,C,Retain
DEP-SSET-SRM-PER027029-S-AND-T-SR,Depot,97980.12,C,Retain
DEP-SSET-SRM-PER027029-S-AND-T-SR,Depot,131988.29,C,Retain
DEP-SSET-SRM-PER027029-S-AND-T-SR,Depot,25384.16,C,Retain
DEP-SSET-SRM-PER027029-S-AND-T-SR,Depot,0.0,C,Rationalize
DEP-SSET-SRM-PER027029-S-AND-T-SR,Depot,0.0,C,Rationalize
DEP-SSET-SRM-PER027029-S-AND-T-SR,Depot,5292.3,C,Retain
DEP-SSET-SRM-PER027029-S-AND-T-SR,Depot,19612.5,C,Retain
DEP-SSET-SRM-PER027029-S-AND-T-SR,Depot,77000.0,C,Retain
DEP-SSET-SRM-PER027029-S-AND-T-SR,Depot,30400.0,C,Retain
DEP-SSET-SRM-PER027029-S-AND-T-SR,Depot,0.0,C,Rationalize
DEP-SSET-SRM-PER027029-S-AND-T-SR,Depot,0.0,C,Rationalize
DEP-SSET-SRM-PER027029-S-AND-T-SR,Depot,0.0,C,Rationalize
DEP-SSET-SRM-PER027029-S-AND-T-SR,Depot,0.0,C,Retain
DEP-SSET-SRM-PER027029-S-AND-T-SR,Depot,0.0,C,Retain
DEP-SSET-SRM-PER027029-S-AND-T-SR,Depot,0.0,C,Retain
DEP-SSET-SRM-PER027029-S-AND-T-SR,Depot,0.0,C,Rationalize
DEP-SSET-SRM-PER027029-S-AND-T-SR,Depot,21000.0,C,Retain
DEP-SSET-SRM-PER027029-S-AND-T-SR,Depot,0.0,C,Retain
DEP-SSET-SRM-PER027029-S-AND-T-SR,Depot,254398.56,C,Retain
DEP-SSET-SRM-PER027029-S-AND-T-SR,Depot,199877.84,C,Retain
DEP-SSET-SRM-PER027029-S-AND-T-SR,Depot,0.0,C,Retain
DEP-SSET-SRM-PER027029-S-AND-T-SR,Depot,269953.32,C,Retain
DEP-SSET-SRM-PER027029-S-AND-T-SR,Depot,9828.0,C,Retain
DEP-SSET-SRM-PER027029-S-AND-T-SR,Depot,120000.0,C,Retain
DEP-SSET-SRM-PER027029-S-AND-T-SR,Depot,23000.0,C,Retain
DEP-SSET-SRM-PER027029-S-AND-T-SR,Depot,96000.0,C,Retain
DEP-SSET-SRM-PER027029-S-AND-T-SR,Depot,0.0,C,Retain
DEP-SSET-SRM-PER027029-S-AND-T-SR,Depot,140000.0,C,Retain
DEP-SSET-SRM-PER027029-S-AND-T-SR,Depot,0.0,C,Retain
DEP-SSET-SRM-PER027029-S-AND-T-SR,Depot,112000.0,C,Retain
DEP-SSET-SRM-PER027029-S-AND-T-SR,Depot,0.0,C,Rationalize
DEP-SSET-SRM-PER027029-S-AND-T-SR,Depot,0.0,C,Dispose
DEP-SSET-SRM-PER027029-S-AND-T-SR,Depot,0.0,C,Rationalize
DEP-SSET-SRM-PER027029-S-AND-T-SR,Depot,15756.3,C,Retain
DEP-SSET-SRM-PER027029-S-AND-T-SR,Depot,0.0,C,Retain
DEP-SSET-SRM-PER027029-S-AND-T-SR,Depot,0.0,C,Retain
DEP-SSET-SRM-PER027029-S-AND-T-SR,Depot,0.0,C,Retain
DEP-SSET-SRM-PER027029-S-AND-T-SR,Depot,0.0,C,Dispose
DEP-SSET-SRM-PER027029-S-AND-T-SR,Depot,0.0,C,Dispose
DEP-SSET-SRM-PER027029-S-AND-T-SR,Depot,0.0,C,Dispose
DEP-SSET-SRM-PER027029-S-AND-T-SR,Depot,0.0,C,Rationalize
DEP-SSET-SRM-PER027029-S-AND-T-SR,Depot,0.0,C,Rationalize
DEP-SSET-SRM-PER027029-S-AND-T-SR,Depot,0.0,C,Dispose
DEP-SSET-SRM-PER027029-S-AND-T-SR,Depot,0.0,C,Dispose
DEP-SSET-SRM-PER027029-S-AND-T-SR,Depot,0.0,C,Dispose
DEP-SSET-SRM-PER027029-S-AND-T-SR,Depot,0.0,C,Dispose
DEP-SSET-SRM-PER027029-S-AND-T-SR,Depot,0.0,C,Rationalize
DEP-SSET-SRM-PER027029-S-AND-T-SR,Depot,0.0,C,Dispose
DEP-SSET-SRM-PER027029-S-AND-T-SR,Depot,0.0,C,Dispose
DEP-SSET-SRM-PER027029-S-AND-T-SR,Depot,12840.0,C,Rationalize
DEP-SSET-SRM-PER027029-S-AND-T-SR,Depot,5200.0,C,Dispose
DEP-SSET-SRM-PER027029-S-AND-T-SR,Depot,0.0,C,Dispose
DEP-SSET-SRM-PER027029-S-AND-T-SR,Depot,0.0,C,Dispose
DEP-SSET-SRM-PER027029-S-AND-T-SR,Depot,0.0,C,Dispose
DEP-SSET-SRM-PER027029-S-AND-T-SR,Depot,0.0,C,Dispose
DEP-SSET-SRM-PER027029-S-AND-T-SR,Depot,0.0,C,Dispose
DEP-SSET-SRM-PER027029-S-AND-T-SR,Depot,0.0,C,Dispose
DEP-SSET-SRM-PER027029-S-AND-T-SR,Depot,0.0,C,Dispose
DEP-SSET-SRM-PER027029-S-AND-T-SR,Depot,63543.0,C,Dispose
DEP-SSET-SRM-PER027029-S-AND-T-SR,Depot,0.0,C,Dispose
DEP-SSET-SRM-PER027029-S-AND-T-SR,Depot,0.0,C,Rationalize
DEP-SSET-SRM-PER027029-S-AND-T-SR,Depot,0.0,C,Dispose
DEP-SSET-SRM-PER027029-S-AND-T-SR,Depot,0.0,C,Dispose
DEP-SSET-SRM-PER027029-S-AND-T-SR,Depot,0.0,C,Dispose
DEP-SSET-SRM-PER027029-S-AND-T-SR,Depot,0.0,C,Retain
DEP-SSET-SRM-PER027029-S-AND-T-SR,Depot,0.0,C,Dispose
DEP-SSET-SRM-PER027029-S-AND-T-SR,Depot,0.0,C,Rationalize
DEP-SSET-SRM-PER027029-S-AND-T-SR,Depot,0.0,C,Rationalize
DEP-SSET-SRM-PER027029-S-AND-T-SR,Depot,0.0,C,Dispose
DEP-SSET-SRM-PER027029-S-AND-T-SR,Depot,0.0,C,Rationalize
DEP-SSET-SRM-PER027029-S-AND-T-SR,Depot,0.0,C,Dispose
DEP-SSET-SRM-PER027029-S-AND-T-SR,Depot,0.0,C,Dispose
DEP-SSET-SRM-PER027029-S-AND-T-SR,Depot,0.0,C,Dispose
DEP-SSET-SRM-PER027029-S-AND-T-SR,Depot,0.0,C,Dispose
DEP-SSET-SRM-PER027029-S-AND-T-SR,Depot,0.0,C,Dispose
DEP-SSET-SRM-PER027029-S-AND-T-SR,Depot,0.0,C,Dispose
DEP-SSET-SRM-PER027029-S-AND-T-SR,Depot,0.0,C,Retain
DEP-SSET-SRM-PER027029-S-AND-T-SR,Depot,0.0,C,Dispose
DEP-SSET-SRM-PER027029-S-AND-T-SR,Depot,0.0,C,Dispose
DEP-SSET-SRM-PER027029-S-AND-T-SR,Depot,0.0,C,Dispose
DEP-SSET-SRM-PER027029-S-AND-T-SR,Depot,0.0,C,Dispose
DEP-SSET-SRM-PER027029-S-AND-T-SR,Depot,0.0,C,Dispose
DEP-SSET-SRM-PER027029-S-AND-T-SR,Depot,0.0,C,Rationalize
DEP-SSET-SRM-PER027029-S-AND-T-SR,Depot,0.0,C,Dispose
DEP-SSET-SRM-PER027029-S-AND-T-SR,Depot,0.0,C,Dispose
DEP-SSET-SRM-PER027029-S-AND-T-SR,Depot,0.0,C,Dispose
DEP-SSET-SRM-PER027029-S-AND-T-SR,Depot,0.0,C,Dispose
DEP-SSET-SRM-PER027029-S-AND-T-SR,Depot,0.0,C,Dispose
DEP-SSET-SRM-PER027029-S-AND-T-SR,Depot,0.0,C,Dispose
DEP-SSET-SRM-PER027029-S-AND-T-SR,Depot,0.0,C,Dispose
DEP-SSET-SRM-PER027029-S-AND-T-SR,Depot,0.0,C,Dispose
DEP-SSET-SRM-PER027029-S-AND-T-SR,Depot,0.0,C,Dispose
DEP-SSET-SRM-PER027029-S-AND-T-SR,Depot,0.0,C,Dispose
DEP-SSET-SRM-PER027029-S-AND-T-SR,Depot,0.0,C,Dispose
DEP-SSET-SRM-PER027029-S-AND-T-SR,Depot,0.0,C,Rationalize
DEP-SSET-SRM-PER027029-S-AND-T-SR,Depot,0.0,C,Dispose
DEP-SSET-SRM-PER027029-S-AND-T-SR,Depot,0.0,C,Dispose
DEP-SSET-SRM-PER027029-S-AND-T-SR,Depot,0.0,C,Dispose
DEP-SSET-SRM-PER027029-S-AND-T-SR,Depot,0.0,C,Dispose
DEP-SSET-SRM-PER027029-S-AND-T-SR,Depot,0.0,C,Dispose
DEP-SSET-SRM-PER027029-S-AND-T-SR,Depot,350000.0,C,Rationalize
DEP-SSET-SRM-PER027029-S-AND-T-SR,Depot,0.0,C,Rationalize
DEP-SSET-SRM-PER027029-S-AND-T-SR,Depot,0.0,C,Dispose
DEP-SSET-SRM-PER027029-S-AND-T-SR,Depot,0.0,C,Dispose
DEP-SSET-SRM-PER027029-S-AND-T-SR,Depot,0.0,C,Rationalize
DEP-SSET-SRM-PER027029-S-AND-T-SR,Depot,0.0,C,Retain
DEP-SSET-SRM-PER027029-S-AND-T-SR,Depot,0.0,C,Rationalize
DEP-SSET-SRM-PER027029-S-AND-T-SR,Depot,0.0,C,Dispose
DEP-SSET-SRM-PER027029-S-AND-T-SR,Depot,0.0,C,Dispose
DEP-SSET-SRM-PER027029-S-AND-T-SR,Depot,0.0,C,Dispose
DEP-SSET-SRM-PER027029-S-AND-T-SR,Depot,0.0,C,Dispose
DEP-SSET-SRM-PER027029-S-AND-T-SR,Depot,0.0,C,Dispose
DEP-SSET-SRM-PER027029-S-AND-T-SR,Depot,0.0,C,Dispose
DEP-SSET-SRM-PER027029-S-AND-T-SR,Depot,0.0,C,Dispose
DEP-SSET-SRM-PER027029-S-AND-T-SR,Depot,0.0,C,Dispose
DEP-SSET-SRM-PER027029-S-AND-T-SR,Depot,0.0,C,Rationalize
DEP-SSET-SRM-PER027029-S-AND-T-SR,Depot,48300.0,C,Rationalize
DEP-SSET-SRM-PER027029-S-AND-T-SR,Depot,4500.0,C,Rationalize
DEP-SSET-SRM-PER027029-S-AND-T-SR,Depot,0.0,C,Rationalize
DEP-SSET-SRM-PER027029-S-AND-T-SR,Depot,0.0,C,Retain
DEP-SSET-SRM-PER027029-S-AND-T-SR,Depot,0.0,C,Retain
DEP-SSET-SRM-PER027029-S-AND-T-SR,Depot,169920.0,C,Retain
DEP-SSET-SRM-PER027029-S-AND-T-SR,Depot,0.0,C,Retain
DEP-SSET-SRM-PER027029-S-AND-T-SR,Depot,0.0,C,Rationalize
DEP-SSET-SRM-PER027029-S-AND-T-SR,Depot,0.0,C,Rationalize
DEP-SSET-SRM-PER027029-S-AND-T-SR,Depot,0.0,C,Rationalize
DEP-SSET-SRM-PER027029-S-AND-T-SR,Depot,0.0,C,Rationalize
DEP-SSET-SRM-PER027029-S-AND-T-SR,Depot,0.0,C,Rationalize
DEP-SSET-SRM-PER027029-S-AND-T-SR,Depot,0.0,C,Rationalize
DEP-SSET-SRM-PER027029-S-AND-T-SR,Depot,0.0,C,Rationalize
DEP-SSET-SRM-PER027029-S-AND-T-SR,Depot,0.0,C,Rationalize
DEP-SSET-SRM-PER027029-S-AND-T-SR,Depot,0.0,C,Rationalize
DEP-SSET-SRM-PER027029-S-AND-T-SR,Depot,0.0,C,Rationalize
DEP-SSET-SRM-PER027029-S-AND-T-SR,Depot,0.0,C,Rationalize
DEP-SSET-SRM-PER027029-S-AND-T-SR,Depot,0.0,C,Rationalize
DEP-SSET-SRM-PER027029-S-AND-T-SR,Depot,0.0,C,Rationalize
DEP-SSET-SRM-PER027029-S-AND-T-SR,Depot,0.0,C,Rationalize
DEP-SSET-SRM-PER027029-S-AND-T-SR,Depot,0.0,C,Rationalize
DEP-SSET-SRM-PER027029-S-AND-T-SR,Depot,0.0,C,Rationalize
DEP-SSET-SRM-PER027029-S-AND-T-SR,Depot,0.0,C,Rationalize
DEP-SSET-SRM-PER027029-S-AND-T-SR,Depot,0.0,C,Rationalize
DEP-SSET-SRM-PER027029-S-AND-T-SR,Depot,0.0,C,Rationalize
DEP-SSET-SRM-PER027029-S-AND-T-SR,Depot,0.0,C,Rationalize
DEP-SSET-SRM-PER027029-S-AND-T-SR,Depot,0.0,C,Rationalize
DEP-SSET-SRM-PER027029-S-AND-T-SR,Depot,0.0,C,Rationalize
DEP-SSET-SRM-PER027029-S-AND-T-SR,Depot,0.0,C,Rationalize
DEP-SSET-SRM-PER027029-S-AND-T-SR,Depot,0.0,C,Rationalize
DEP-SSET-SRM-PER027029-S-AND-T-SR,Depot,0.0,C,Rationalize
DEP-SSET-SRM-PER027029-S-AND-T-SR,Depot,0.0,C,Rationalize
DEP-SSET-SRM-PER027029-S-AND-T-SR,Depot,0.0,C,Rationalize
DEP-SSET-SRM-PER027029-S-AND-T-SR,Depot,0.0,C,Rationalize
DEP-SSET-SRM-PER027029-S-AND-T-SR,Depot,0.0,C,Rationalize
DEP-SSET-SRM-PER027029-S-AND-T-SR,Depot,0.0,C,Rationalize
DEP-SSET-SRM-PER027029-S-AND-T-SR,Depot,0.0,C,Rationalize
DEP-SSET-SRM-PER027029-S-AND-T-SR,Depot,0.0,C,Rationalize
DEP-SSET-SRM-PER027029-S-AND-T-SR,Depot,0.0,C,Rationalize
DEP-SSET-SRM-PER027029-S-AND-T-SR,Depot,0.0,C,Rationalize
DEP-SSET-SRM-PER027029-S-AND-T-SR,Depot,0.0,C,Rationalize
DEP-SSET-SRM-PER027029-S-AND-T-SR,Depot,0.0,C,Rationalize
DEP-SSET-SRM-PER027029-S-AND-T-SR,Depot,0.0,C,Rationalize
DEP-SSET-SRM-PER027029-S-AND-T-SR,Depot,0.0,C,Rationalize
DEP-SSET-SRM-PER027029-S-AND-T-SR,Depot,0.0,C,Rationalize
DEP-SSET-SRM-PER027029-S-AND-T-SR,Depot,0.0,C,Rationalize
DEP-SSET-SRM-PER027029-S-AND-T-SR,Depot,0.0,C,Rationalize
DEP-SSET-SRM-PER027029-S-AND-T-SR,Depot,0.0,C,Rationalize
DEP-SSET-SRM-PER027029-S-AND-T-SR,Depot,120000.0,C,Monitor
DEP-SSET-SRM-PER027029-S-AND-T-SR,Depot,6000.0,C,Monitor
DEP-SSET-SRM-PER027029-S-AND-T-SR,Depot,40000.0,C,Monitor
DEP-SSET-SRM-PER027029-S-AND-T-SR,Depot,100000.0,C,Monitor
DEP-SSET-SRM-PER027029-S-AND-T-SR,Depot,20000.0,C,Rationalize
DEP-SSET-SRM-PER027029-S-AND-T-SR,Depot,25000.0,C,Monitor
DEP-SSET-SRM-PER027029-S-AND-T-SR,Depot,10800.0,C,Monitor
DEP-SSET-SRM-PER027029-S-AND-T-SR,Depot,1700.0,C,Monitor
DEP-SSET-SRM-PER027029-S-AND-T-SR,Depot,50000.0,C,Monitor
DEP-SSET-SRM-PER027029-S-AND-T-SR,Depot,150000.0,C,Monitor
DEP-SSET-SRM-PER027029-S-AND-T-SR,Depot,40000.0,C,Monitor
DEP-SSET-SRM-PER027029-S-AND-T-SR,Depot,4000.0,C,Monitor
DEP-SSET-SRM-PER027029-S-AND-T-SR,Depot,15000.0,C,Monitor
DEP-SSET-SRM-PER027029-S-AND-T-SR,Depot,2000.0,C,Monitor
DEP-SSET-SRM-PER027029-S-AND-T-SR,Depot,9000.0,C,Monitor
DEP-SSET-SRM-PER027029-S-AND-T-SR,Depot,16000.0,C,Monitor
DEP-SSET-SRM-PER027029-S-AND-T-SR,Depot,106000.0,C,Rationalize
DEP-SSET-SRM-PER027029-S-AND-T-SR,Depot,2566.18,C,Rationalize
DEP-SSET-SRM-PER027029-S-AND-T-SR,Depot,30000.0,C,Rationalize
DEP-SSET-SRM-PER027029-S-AND-T-SR,Depot,5789.0,C,Rationalize
DEP-SSET-SRM-PER027029-S-AND-T-SR,Depot,0.0,C,Retain
DEP-SSET-SRM-PER027029-S-AND-T-SR,Depot,0.0,C,Rationalize
DEP-SSET-SRM-PER027029-S-AND-T-SR,Depot,0.0,C,Rationalize
DEP-SSET-SRM-PER027029-S-AND-T-SR,Depot,0.0,C,Rationalize
DEP-SSET-SRM-PER027029-S-AND-T-SR,Depot,0.0,C,Rationalize
DEP-SSET-SRM-PER027029-S-AND-T-SR,Depot,0.0,C,Dispose
DEP-SSET-SRM-PER027029-S-AND-T-SR,Depot,0.0,C,Rationalize
DEP-SSET-SRM-PER027029-S-AND-T-SR,Depot,65610.0,C,Retain
DEP-SSET-SRM-PER027029-S-AND-T-SR,Depot,0.0,C,Dispose
DEP-SSET-SRM-PER027029-S-AND-T-SR,Depot,0.0,C,Rationalize
DEP-SSET-SRM-PER027029-S-AND-T-SR,Depot,0.0,C,Rationalize
DEP-SSET-SRM-PER027029-S-AND-T-SR,Depot,0.0,C,Dispose
DEP-SSET-SRM-PER027029-S-AND-T-SR,Depot,0.0,C,Rationalize
DEP-SSET-SRM-PER027029-S-AND-T-SR,Depot,0.0,C,Dispose
DEP-SSET-SRM-PER027029-S-AND-T-SR,Depot,0.0,C,Dispose
DEP-SSET-SRM-PER027029-S-AND-T-SR,Depot,0.0,C,Dispose
DEP-SSET-SRM-PER027029-S-AND-T-SR,Depot,0.0,C,Dispose
DEP-SSET-SRM-PER027029-S-AND-T-SR,Depot,0.0,C,Rationalize
DEP-SSET-SRM-PER027029-S-AND-T-SR,Depot,0.0,C,Dispose
DEP-SSET-SRM-PER027029-S-AND-T-SR,Depot,40824.0,C,Retain
DEP-SSET-SRM-PER027029-S-AND-T-SR,Depot,68040.0,C,Rationalize
DEP-SSET-SRM-PER027029-S-AND-T-SR,Depot,0.0,C,Rationalize
DEP-SSET-SRM-PER027029-S-AND-T-SR,Depot,0.0,C,Dispose
DEP-SSET-SRM-PER027029-S-AND-T-SR,Depot,0.0,C,Dispose
DEP-SSET-SRM-PER027029-S-AND-T-SR,Depot,0.0,C,Rationalize
DEP-SSET-SRM-PER027029-S-AND-T-SR,Depot,0.0,C,Rationalize
DEP-SSET-SRM-PER027029-S-AND-T-SR,Depot,0.0,C,Rationalize
DEP-SSET-SRM-PER027029-S-AND-T-SR,Depot,0.0,C,Rationalize
DEP-SSET-SRM-PER027029-S-AND-T-SR,Depot,0.0,C,Retain
DEP-SSET-SRM-PER027029-S-AND-T-SR,Depot,0.0,C,Retain
DEP-SSET-SRM-PER027029-S-AND-T-SR,Depot,0.0,C,Retain
DEP-SSET-SRM-PER027029-S-AND-T-SR,Depot,0.0,C,Retain
DEP-SSET-SRM-PER027029-S-AND-T-SR,Depot,0.0,C,Retain
DEP-SSET-SRM-PER027029-S-AND-T-SR,Depot,0.0,C,Retain
DEP-SSET-SRM-PER027029-S-AND-T-SR,Depot,150498.0,C,Retain
DEP-SSET-SRM-PER027029-S-AND-T-SR,Depot,59185.0,C,Retain
DEP-SSET-SRM-PER027029-S-AND-T-SR,Depot,0.0,C,Rationalize
DEP-SSET-SRM-PER027029-S-AND-T-SR,Depot,31388.0,C,Retain
DEP-SSET-SRM-PER027029-S-AND-T-SR,Depot,0.0,C,Retain
DEP-SSET-SRM-PER027029-S-AND-T-SR,Depot,0.0,C,Retain
DEP-SSET-SRM-PER027029-S-AND-T-SR,Depot,0.0,C,Retain
DEP-SSET-SRM-PER027029-S-AND-T-SR,Depot,0.0,C,Retain
DEP-SSET-SRM-PER027029-S-AND-T-SR,Depot,0.0,C,Retain
DEP-SSET-SRM-PER027029-S-AND-T-SR,Depot,0.0,C,Retain
DEP-SSET-SRM-PER027029-S-AND-T-SR,Depot,0.0,C,Retain
DEP-SSET-SRM-PER027029-S-AND-T-SR,Depot,0.0,C,Retain
DEP-SSET-SRM-PER027029-S-AND-T-SR,Depot,0.0,C,Retain
DEP-SSET-SRM-PER027029-S-AND-T-SR,Depot,55000.0,C,Retain
DEP-SSET-SRM-PER027029-S-AND-T-SR,Depot,430100.0,C,Retain
DEP-SSET-SRM-PER027029-S-AND-T-SR,Depot,0.0,C,Rationalize
DEP-SSET-SRM-PER027029-S-AND-T-SR,Depot,295311.0,C,Retain
DEP-SSET-SRM-PER027029-S-AND-T-SR,Depot,148185.0,C,Retain
DEP-SSET-SRM-PER027029-S-AND-T-SR,Depot,2125056.98,B,Retain
DEP-SSET-SRM-PER027029-S-AND-T-SR,Depot,122286.86,C,Retain
DEP-SSET-SRM-PER027029-S-AND-T-SR,Depot,0.0,C,Retain
DEP-SSET-SRM-PER027029-S-AND-T-SR,Depot,0.0,C,Retain
DEP-SSET-SRM-PER027029-S-AND-T-SR,Depot,343000.0,C,Retain
DEP-SSET-SRM-PER027029-S-AND-T-SR,Depot,0.0,C,Retain
DEP-SSET-SRM-PER027029-S-AND-T-SR,Depot,0.0,C,Rationalize
DEP-SSET-SRM-PER027029-S-AND-T-SR,Depot,69288.55,C,Retain
DEP-SSET-SRM-PER027029-S-AND-T-SR,Depot,0.0,C,Retain
DEP-SSET-SRM-PER027029-S-AND-T-SR,Depot,490.0,C,Retain
DEP-SSET-SRM-PER027029-S-AND-T-SR,Depot,0.0,C,Retain
DEP-SSET-SRM-PER027029-S-AND-T-SR,Depot,96824.0,C,Retain
DEP-SSET-SRM-PER027029-S-AND-T-SR,Depot,279680.0,C,Retain
DEP-SSET-SRM-PER027029-S-AND-T-SR,Depot,18525.0,C,Retain
DEP-SSET-SRM-PER027029-S-AND-T-SR,Depot,0.0,C,Retain
DEP-SSET-SRM-PER027029-S-AND-T-SR,Depot,2171125.0,B,Retain
DEP-SSET-SRM-PER027029-S-AND-T-SR,Depot,90000.0,C,Rationalize
DEP-SSET-SRM-PER027029-S-AND-T-SR,Depot,0.0,C,Retain
DEP-SSET-SRM-PER027029-S-AND-T-SR,Depot,0.0,C,Retain
DEP-SSET-SRM-PER027029-S-AND-T-SR,Depot,332891.31,C,Retain
DEP-SSET-SRM-PER027029-S-AND-T-SR,Depot,3230363.45,A,Retain
DEP-SSET-SRM-PER027029-S-AND-T-SR,Depot,531278.0,C,Retain
DEP-SSET-SRM-PER027029-S-AND-T-SR,Depot,180000.0,C,Rationalize
DEP-SSET-SRM-PER027029-S-AND-T-SR,Depot,187275.0,C,Retain
DEP-SSET-SRM-PER027029-S-AND-T-SR,Depot,0.0,C,Rationalize
DEP-SSET-SRM-PER027029-S-AND-T-SR,Depot,1189440.0,B,Retain
DEP-SSET-SRM-PER027029-S-AND-T-SR,Depot,2312870.0,A,Retain
DEP-SSET-SRM-PER027029-S-AND-T-SR,Depot,928265.0,B,Retain
DEP-SSET-SRM-PER027029-S-AND-T-SR,Depot,2422944.0,A,Rationalize
DEP-SSET-SRM-PER027029-S-AND-T-SR,Depot,774080.0,B,Rationalize
DEP-SSET-SRM-PER027029-S-AND-T-SR,Depot,12980000.0,A,Rationalize
DEP-SSET-SRM-PER027029-S-AND-T-SR,Depot,424682.0,C,Rationalize
DEP-SSET-SRM-PER027029-S-AND-T-SR,Depot,462560.0,C,Rationalize
DEP-SSET-SRM-PER027029-S-AND-T-SR,Depot,424200.0,C,Retain
DEP-SSET-SRM-PER027029-S-AND-T-SR,Depot,0.0,C,Rationalize
DEP-SSET-SRM-PER027029-S-AND-T-SR,Depot,0.0,C,Rationalize
DEP-SSET-SRM-PER027029-S-AND-T-SR,Depot,3840.0,C,Rationalize
DEP-SSET-SRM-PER027029-S-AND-T-SR,Depot,151600.0,C,Retain
DEP-SSET-SRM-PER027029-S-AND-T-SR,Depot,1692000.0,B,Rationalize
DEP-SSET-SRM-PER027029-S-AND-T-SR,Depot,6323400.0,A,Retain
DEP-SSET-SRM-PER027029-S-AND-T-SR,Depot,30400.0,C,Retain
DEP-SSET-SRM-PER027029-S-AND-T-SR,Depot,944328.0,B,Retain
DEP-SSET-SRM-PER027029-S-AND-T-SR,Depot,3473920.0,A,Retain
DEP-SSET-SRM-PER027029-S-AND-T-SR,Depot,2970369.59,A,Retain
DEP-SSET-SRM-PER027029-S-AND-T-SR,Depot,1183312.77,B,Retain
DEP-SSET-SRM-PER027029-S-AND-T-SR,Depot,100890.0,C,Rationalize
DEP-SSET-SRM-PER027029-S-AND-T-SR,Depot,0.0,C,Rationalize
DEP-SSET-SRM-PER027029-S-AND-T-SR,Depot,497616.0,C,Retain
DEP-SSET-SRM-PER027029-S-AND-T-SR,Depot,127971.0,C,Rationalize
DEP-SSET-SRM-PER027029-S-AND-T-SR,Depot,853140.0,B,Rationalize
DEP-SSET-SRM-PER027029-S-AND-T-SR,Depot,496780.0,C,Retain
DEP-SSET-SRM-PER027029-S-AND-T-SR,Depot,1298000.0,B,Rationalize
DEP-SSET-SRM-PER027029-S-AND-T-SR,Depot,774384.0,B,Rationalize
DEP-SSET-SRM-PER027029-S-AND-T-SR,Depot,0.0,C,Rationalize
DEP-SSET-SRM-PER027029-S-AND-T-SR,Depot,0.0,C,Rationalize
DEP-SSET-SRM-PER027029-S-AND-T-SR,Depot,1707588.04,B,Dispose
DEP-SSET-SRM-PER027029-S-AND-T-SR,Depot,10499238.98,A,Rationalize
DEP-SSET-SRM-PER027029-S-AND-T-SR,Depot,5366351.34,A,Rationalize
DEP-SSET-SRM-PER027029-S-AND-T-SR,Depot,2719366.0,A,Dispose
DEP-SSET-SRM-PER027029-S-AND-T-SR,Depot,95388.0,C,Retain
DEP-SSET-SRM-PER027029-S-AND-T-SR,Depot,934500.0,B,Retain
DEP-SSET-SRM-PER027029-S-AND-T-SR,Depot,0.0,C,Retain
DEP-SSET-SRM-PER027029-S-AND-T-SR,Depot,204000.0,C,Retain
DEP-SSET-SRM-PER027029-S-AND-T-SR,Depot,264500.0,C,Retain
DEP-SSET-SRM-PER027029-S-AND-T-SR,Depot,0.0,C,Retain
DEP-SSET-SRM-PER027029-S-AND-T-SR,Depot,568700.0,B,Retain
DEP-SSET-SRM-PER027029-S-AND-T-SR,Depot,0.0,C,Retain
DEP-SSET-SRM-PER027029-S-AND-T-SR,Depot,0.0,C,Retain
DEP-SSET-SRM-PER027029-S-AND-T-SR,Depot,0.0,C,Retain
DEP-SSET-SRM-PER027029-S-AND-T-SR,Depot,10630644.0,A,Dispose
DEP-SSET-SRM-PER027029-S-AND-T-SR,Depot,183048.44,C,Retain
DEP-SSET-SRM-PER027029-S-AND-T-SR,Depot,142810.0,C,Retain
DEP-SSET-SRM-PER027029-S-AND-T-SR,Depot,0.0,C,Retain
DEP-SSET-SRM-PER027029-S-AND-T-SR,Depot,0.0,C,Rationalize
DEP-SSET-SRM-PER027029-S-AND-T-SR,Depot,411370.19,C,Retain
DEP-SSET-SRM-PER027029-S-AND-T-SR,Depot,764640.0,B,Retain
DEP-SSET-SRM-PER027029-S-AND-T-SR,Depot,0.0,C,Rationalize
DEP-SSET-SRM-PER027029-S-AND-T-SR,Depot,0.0,C,Retain
DEP-SSET-SRM-PER027029-S-AND-T-SR,Depot,1387608.0,B,Rationalize
DEP-SSET-SRM-PER027029-S-AND-T-SR,Depot,401200.0,C,Rationalize
DEP-SSET-SRM-PER027029-S-AND-T-SR,Depot,0.0,C,Rationalize
DEP-SSET-SRM-PER027029-S-AND-T-SR,Depot,0.0,C,Retain
DEP-SSET-SRM-PER027029-S-AND-T-SR,Depot,0.0,C,Retain
DEP-SSET-SRM-PER027029-S-AND-T-SR,Depot,0.0,C,Rationalize
DEP-SSET-SRM-PER027029-S-AND-T-SR,Depot,0.0,C,Retain
DEP-SSET-SRM-PER027029-S-AND-T-SR,Depot,0.0,C,Rationalize
DEP-SSET-SRM-PER027029-S-AND-T-SR,Depot,0.0,C,Rationalize
DEP-SSET-SRM-PER027029-S-AND-T-SR,Depot,2239380.0,A,Retain
DEP-SSET-SRM-PER027029-S-AND-T-SR,Depot,2250580.0,A,Retain
DEP-SSET-SRM-PER027029-S-AND-T-SR,Depot,557991.0,C,Retain
DEP-SSET-SRM-PER027029-S-AND-T-SR,Depot,371582.0,C,Retain
DEP-SSET-SRM-PER027029-S-AND-T-SR,Depot,175600.0,C,Retain
DEP-SSET-SRM-PER027029-S-AND-T-SR,Depot,567528.0,C,Retain
DEP-SSET-SRM-PER027029-S-AND-T-SR,Depot,119250.0,C,Retain
DEP-SSET-SRM-PER027029-S-AND-T-SR,Depot,2878015.0,A,Retain
DEP-SSET-SRM-PER027029-S-AND-T-SR,Depot,67870.0,C,Retain
DEP-SSET-SRM-PER027029-S-AND-T-SR,Depot,44000.0,C,Retain
DEP-SSET-SRM-PER027029-S-AND-T-SR,Depot,6532917.09,A,Retain
DEP-SSET-SRM-PER027029-S-AND-T-SR,Depot,9685217.64,A,Retain
DEP-SSET-SRM-PER027029-S-AND-T-SR,Depot,5214630.23,A,Rationalize
DEP-SSET-SRM-PER027029-S-AND-T-SR,Depot,342674.31,C,Retain
DEP-SSET-SRM-PER027029-S-AND-T-SR,Depot,717948.0,B,Retain
DEP-SSET-SRM-PER027029-S-AND-T-SR,Depot,1313482.8,B,Retain
DEP-SSET-SRM-PER027029-S-AND-T-SR,Depot,0.0,C,Rationalize
DEP-SSET-SRM-PER027029-S-AND-T-SR,Depot,6238514.64,A,Rationalize
DEP-SSET-SRM-PER027029-S-AND-T-SR,Depot,1274000.0,B,Rationalize
DEP-SSET-SRM-PER027029-S-AND-T-SR,Depot,382200.0,C,Retain
DEP-SSET-SRM-PER027029-S-AND-T-SR,Depot,853335.0,B,Retain
DEP-SSET-SRM-PER027029-S-AND-T-SR,Depot,132055.0,C,Retain
DEP-SSET-SRM-PER027029-S-AND-T-SR,Depot,343680.0,C,Rationalize
DEP-SSET-SRM-PER027029-S-AND-T-SR,Depot,62811.45,C,Retain
DEP-SSET-SRM-PER027029-S-AND-T-SR,Depot,525000.0,C,Rationalize
DEP-SSET-SRM-PER027029-S-AND-T-SR,Depot,229089.0,C,Rationalize
DEP-SSET-SRM-PER027029-S-AND-T-SR,Depot,252000.0,C,Rationalize
DEP-SSET-SRM-PER027029-S-AND-T-SR,Depot,2149440.0,B,Dispose
DEP-SSET-SRM-PER027029-S-AND-T-SR,Depot,848824.0,B,Rationalize
DEP-SSET-SRM-PER027029-S-AND-T-SR,Depot,6084000.0,A,Dispose
DEP-SSET-SRM-PER027029-S-AND-T-SR,Depot,432250.0,C,Rationalize
DEP-SSET-SRM-PER027029-S-AND-T-SR,Depot,1324159.2,B,Rationalize
DEP-SSET-SRM-PER027029-S-AND-T-SR,Depot,370068.16,C,Rationalize
DEP-SSET-SRM-PER027029-S-AND-T-SR,Depot,136212.9,C,Rationalize
DEP-SSET-SRM-PER027029-S-AND-T-SR,Depot,11546.1,C,Rationalize
DEP-SSET-SRM-PER027029-S-AND-T-SR,Depot,12463.65,C,Rationalize
DEP-SSET-SRM-PER027029-S-AND-T-SR,Depot,16383.16,C,Rationalize
DEP-SSET-SRM-PER027029-S-AND-T-SR,Depot,159698.12,C,Rationalize
DEP-SSET-SRM-PER027029-S-AND-T-SR,Depot,71910.6,C,Rationalize
DEP-SSET-SRM-PER027029-S-AND-T-SR,Depot,300637.32,C,Rationalize
DEP-SSET-SRM-PER027029-S-AND-T-SR,Depot,168182.52,C,Rationalize
DEP-SSET-SRM-PER027029-S-AND-T-SR,Depot,80876.61,C,Rationalize
DEP-SSET-SRM-PER027029-S-AND-T-SR,Depot,500000.0,C,Rationalize
DEP-SSET-SRM-PER027029-S-AND-T-SR,Depot,397957.0,C,Rationalize
DEP-SSET-SRM-PER027029-S-AND-T-SR,Depot,3658955.44,A,Rationalize
DEP-SSET-SRM-PER027029-S-AND-T-SR,Depot,86652.82,C,Rationalize
DEP-SSET-SRM-PER027029-S-AND-T-SR,Depot,982059.0,B,Rationalize
DEP-SSET-SRM-PER027029-S-AND-T-SR,Depot,3000000.0,A,Rationalize
DEP-SSET-SRM-PER027029-S-AND-T-SR,Depot,1840309.63,B,Rationalize
DEP-SSET-SRM-PER027029-S-AND-T-SR,Depot,2430733.33,A,Rationalize
DEP-SSET-SRM-PER027029-S-AND-T-SR,Depot,1833454.68,B,Rationalize
DEP-SSET-SRM-PER027029-S-AND-T-SR,Depot,155420.0,C,Retain
DEP-SSET-SRM-PER027029-S-AND-T-SR,Depot,305500.0,C,Retain
DEP-SSET-SRM-PER027029-S-AND-T-SR,Depot,238000.0,C,Retain
DEP-SSET-SRM-PER027029-S-AND-T-SR,Depot,855000.0,B,Retain
DEP-SSET-SRM-PER027029-S-AND-T-SR,Depot,88896.0,C,Retain
DEP-SSET-SRM-PER027029-S-AND-T-SR,Depot,52000.0,C,Dispose
DEP-SSET-SRM-PER027029-S-AND-T-SR,Depot,44000.0,C,Dispose
DEP-SSET-SRM-PER027029-S-AND-T-SR,Depot,0.0,C,Dispose
DEP-SSET-SRM-PER027029-S-AND-T-SR,Depot,2250.0,C,Dispose
DEP-SSET-SRM-PER027029-S-AND-T-SR,Depot,5073.6,C,Rationalize
DEP-SSET-SRM-PER027029-S-AND-T-SR,Depot,0.0,C,Rationalize
DEP-SSET-SRM-PER027029-S-AND-T-SR,Depot,0.0,C,Rationalize
DEP-SSET-SRM-PER027029-S-AND-T-SR,Depot,0.0,C,Rationalize
DEP-SSET-SRM-PER027029-S-AND-T-SR,Depot,0.0,C,Rationalize
DEP-SSET-SRM-PER027029-S-AND-T-SR,Depot,0.0,C,Retain
DEP-SSET-SRM-PER027029-S-AND-T-SR,Depot,436000.0,C,Dispose
DEP-SSET-SRM-PER027029-S-AND-T-SR,Depot,84000.0,C,Retain
DEP-SSET-SRM-PER027029-S-AND-T-SR,Depot,940000.0,B,Dispose
DEP-SSET-SRM-PER027029-S-AND-T-SR,Depot,621000.0,B,Retain
DEP-SSET-SRM-PER027029-S-AND-T-SR,Depot,875000.0,B,Retain
DEP-SSET-SRM-PER027029-S-AND-T-SR,Depot,136212.9,C,Rationalize
DEP-SSET-SRM-PER027029-S-AND-T-SR,Depot,6927.66,C,Rationalize
DEP-SSET-SRM-PER027029-S-AND-T-SR,Depot,16383.16,C,Rationalize
DEP-SSET-SRM-PER027029-S-AND-T-SR,Depot,159698.12,C,Rationalize
DEP-SSET-SRM-PER027029-S-AND-T-SR,Depot,601274.64,B,Rationalize
DEP-SSET-SRM-PER027029-S-AND-T-SR,Depot,1698800.74,B,Retain
DEP-SSET-SRM-PER027029-S-AND-T-SR,Depot,1227573.75,B,Rationalize
DEP-SSET-SRM-PER027029-S-AND-T-SR,Depot,17788.2,C,Rationalize
DEP-SSET-SRM-PER027029-S-AND-T-SR,Depot,437752.7,C,Rationalize
DEP-SSET-SRM-PER027029-S-AND-T-SR,Depot,43326.41,C,Rationalize
DEP-SSET-SRM-PER027029-S-AND-T-SR,Depot,252273.78,C,Rationalize
DEP-SSET-SRM-PER027029-S-AND-T-SR,Depot,327403.09,C,Rationalize
DEP-SSET-SRM-PER027029-S-AND-T-SR,Depot,95222.8,C,Rationalize
DEP-SSET-SRM-PER027029-S-AND-T-SR,Depot,0.0,C,Retain
DEP-SSET-SRM-PER027029-S-AND-T-SR,Depot,320270.88,C,Rationalize
DEP-SSET-SRM-PER027029-S-AND-T-SR,Depot,23970.2,C,Rationalize
DEP-SSET-SRM-PER027029-S-AND-T-SR,Depot,7800.0,C,Rationalize
DEP-SSET-SRM-PER027029-S-AND-T-SR,Depot,11183.88,C,Rationalize
DEP-SSET-SRM-PER027029-S-AND-T-SR,Depot,0.0,C,Rationalize
DEP-SSET-SRM-PER027029-S-AND-T-SR,Depot,98259.0,C,Rationalize
DEP-SSET-SRM-PER027029-S-AND-T-SR,Depot,800654.4,B,Retain
DEP-SSET-SRM-PER027029-S-AND-T-SR,Depot,1840309.63,B,Rationalize
DEP-SSET-SRM-PER027029-S-AND-T-SR,Depot,180000.0,C,Retain
DEP-SSET-SRM-PER027029-S-AND-T-SR,Depot,440000.0,C,Retain
DEP-SSET-SRM-PER027029-S-AND-T-SR,Depot,25000.0,C,Retain
DEP-SSET-SRM-PER027029-S-AND-T-SR,Depot,197000.0,C,Retain
DEP-SSET-SRM-PER027029-S-AND-T-SR,Depot,145000.0,C,Retain
DEP-SSET-SRM-PER027029-S-AND-T-SR,Depot,383200.0,C,Retain
DEP-SSET-SRM-PER027029-S-AND-T-SR,Depot,27200.0,C,Retain
DEP-SSET-SRM-PER027029-S-AND-T-SR,Depot,66000.0,C,Retain
DEP-SSET-SRM-PER027029-S-AND-T-SR,Depot,472000.0,C,Retain
DEP-SSET-SRM-PER027029-S-AND-T-SR,Depot,71200.0,C,Retain
DEP-SSET-SRM-PER027029-S-AND-T-SR,Depot,311200.0,C,Retain
DEP-SSET-SRM-PER027029-S-AND-T-SR,Depot,200000.0,C,Retain
DEP-SSET-SRM-PER027029-S-AND-T-SR,Depot,534000.0,C,Retain
DEP-SSET-SRM-PER027029-S-AND-T-SR,Depot,624000.0,B,Retain
DEP-SSET-SRM-PER027029-S-AND-T-SR,Depot,3750000.0,A,Dispose
DEP-SSET-SRM-PER027029-S-AND-T-SR,Depot,1100000.0,B,Dispose
DEP-SSET-SRM-PER027029-S-AND-T-SR,Depot,800000.0,B,Rationalize
DEP-SSET-SRM-PER027029-S-AND-T-SR,Depot,325000.0,C,Dispose
DEP-SSET-SRM-PER027029-S-AND-T-SR,Depot,5040000.0,A,Rationalize
DEP-SSET-SRM-PER027029-S-AND-T-SR,Depot,2236000.0,A,Dispose
DEP-SSET-SRM-PER027029-S-AND-T-SR,Depot,456000.0,C,Dispose
DEP-SSET-SRM-PER027029-S-AND-T-SR,Depot,8800000.0,A,Dispose
DEP-SSET-SRM-PER027029-S-AND-T-SR,Depot,6700000.0,A,Dispose
DEP-SSET-SRM-PER027029-S-AND-T-SR,Depot,270000.0,C,Rationalize
DEP-SSET-SRM-PER027029-S-AND-T-SR,Depot,170000.0,C,Dispose
DEP-SSET-SRM-PER027029-S-AND-T-SR,Depot,10800.0,C,Dispose
DEP-SSET-SRM-PER027029-S-AND-T-SR,Depot,48000.0,C,Dispose
DEP-SSET-SRM-PER027029-S-AND-T-SR,Depot,36000.0,C,Dispose
DEP-SSET-SRM-PER027029-S-AND-T-SR,Depot,9180000.0,A,Rationalize
DEP-SSET-SRM-PER027029-S-AND-T-SR,Depot,1000000.0,B,Rationalize
DEP-SSET-SRM-PER027029-S-AND-T-SR,Depot,330000.0,C,Rationalize
DEP-SSET-SRM-PER027029-S-AND-T-SR,Depot,56250.0,C,Dispose
DEP-SSET-SRM-PER027029-S-AND-T-SR,Depot,50000.0,C,Dispose
DEP-SSET-SRM-PER027029-S-AND-T-SR,Depot,680000.0,B,Rationalize
DEP-SSET-SRM-PER027029-S-AND-T-SR,Depot,1800000.0,B,Dispose
DEP-SSET-SRM-PER027029-S-AND-T-SR,Depot,7840000.0,A,Rationalize
DEP-SSET-SRM-PER027029-S-AND-T-SR,Depot,250000.0,C,Dispose
DEP-SSET-SRM-PER027029-S-AND-T-SR,Depot,90000.0,C,Dispose
DEP-SSET-SRM-PER027029-S-AND-T-SR,Depot,2860000.0,A,Rationalize
DEP-SSET-SRM-PER027029-S-AND-T-SR,Depot,83895.7,C,Rationalize
DEP-SSET-SRM-PER027029-S-AND-T-SR,Depot,175000.0,C,Retain
DEP-SSET-SRM-PER027029-S-AND-T-SR,Depot,240000.0,C,Retain
DEP-SSET-SRM-PER027029-S-AND-T-SR,Depot,600000.0,B,Retain
DEP-SSET-SRM-PER027029-S-AND-T-SR,Depot,1120000.0,B,Retain
DEP-SSET-SRM-PER027029-S-AND-T-SR,Depot,4000000.0,A,Retain
DEP-SSET-SRM-PER027029-S-AND-T-SR,Depot,244500.0,C,Retain
DEP-SSET-SRM-PER027029-S-AND-T-SR,Depot,397600.0,C,Retain
DEP-SSET-SRM-PER027029-S-AND-T-SR,Depot,312000.0,C,Retain
DEP-SSET-SRM-PER027029-S-AND-T-SR,Depot,0.0,C,Retain
DEP-SSET-SRM-PER027029-S-AND-T-SR,Depot,220000.0,C,Retain
DEP-SSET-SRM-PER027029-S-AND-T-SR,Depot,350000.0,C,Retain
DEP-SSET-SRM-PER027029-S-AND-T-SR,Depot,3250000.0,A,Retain
DEP-SSET-SRM-PER027029-S-AND-T-SR,Depot,2880000.0,A,Retain
DEP-SSET-SRM-PER027029-S-AND-T-SR,Depot,8448000.0,A,Retain
DEP-SSET-SRM-PER027029-S-AND-T-SR,Depot,1456000.0,B,Retain
DEP-SSET-SRM-PER027029-S-AND-T-SR,Depot,4600000.0,A,Retain
DEP-SSET-SRM-PER027029-S-AND-T-SR,Depot,3400000.0,A,Dispose
DEP-SSET-SRM-PER027029-S-AND-T-SR,Depot,0.0,C,Retain
DEP-SSET-SRM-PER027029-S-AND-T-SR,Depot,4725000.0,A,Retain
DEP-SSET-SRM-PER027029-S-AND-T-SR,Depot,48000.0,C,Dispose
DEP-SSET-SRM-PER027029-S-AND-T-SR,Depot,31500.0,C,Dispose
DEP-SSET-SRM-PER027029-S-AND-T-SR,Depot,288000.0,C,Dispose
DEP-SSET-SRM-PER027029-S-AND-T-SR,Depot,300000.0,C,Retain
DEP-SSET-SRM-PER027029-S-AND-T-SR,Depot,25000.0,C,Retain
DEP-SSET-SRM-PER027029-S-AND-T-SR,Depot,72000.0,C,Retain
DEP-SSET-SRM-PER027029-S-AND-T-SR,Depot,60000.0,C,Dispose
DEP-SSET-SRM-PER027029-S-AND-T-SR,Depot,400000.0,C,Retain
DEP-SSET-SRM-PER027029-S-AND-T-SR,Depot,390000.0,C,Retain
DEP-SSET-SRM-PER027029-S-AND-T-SR,Depot,2320000.0,A,Retain
DEP-SSET-SRM-PER027029-S-AND-T-SR,Depot,162000.0,C,Dispose
DEP-SSET-SRM-PER027029-S-AND-T-SR,Depot,315000.0,C,Dispose
DEP-SSET-SRM-PER027029-S-AND-T-SR,Depot,90000.0,C,Retain
DEP-SSET-SRM-PER027029-S-AND-T-SR,Depot,2200000.0,B,Dispose
DEP-SSET-SRM-PER027029-S-AND-T-SR,Depot,1116000.0,B,Retain
DEP-SSET-SRM-PER027029-S-AND-T-SR,Depot,900000.0,B,Retain
DEP-SSET-SRM-PER027029-S-AND-T-SR,Depot,24751638.18,A,Retain
DEP-SSET-SRM-PER027029-S-AND-T-SR,Depot,64000.0,C,Retain
DEP-SSET-SRM-PER027029-S-AND-T-SR,Depot,0.0,C,Monitor
DEP-SSET-SRM-PER027029-S-AND-T-SR,Depot,325000.0,C,Retain
DEP-SSET-SRM-PER027029-S-AND-T-SR,Depot,947000.72,B,Rationalize
DEP-SSET-SRM-PER027029-S-AND-T-SR,Depot,687267.96,B,Dispose
DEP-SSET-SRM-PER027029-S-AND-T-SR,Depot,445359.64,C,Dispose
DEP-SSET-SRM-PER027029-S-AND-T-SR,Depot,1612085.7,B,Rationalize
DEP-SSET-SRM-PER027029-S-AND-T-SR,Depot,2758688.4,A,Dispose
DEP-SSET-SRM-PER027029-S-AND-T-SR,Depot,6299289.98,A,Dispose
DEP-SSET-SRM-PER027029-S-AND-T-SR,Depot,1277967.6,B,Dispose
DEP-SSET-SRM-PER027029-S-AND-T-SR,Depot,277551.12,C,Retain
DEP-SSET-SRM-PER027029-S-AND-T-SR,Depot,6625000.0,A,Rationalize
DEP-SSET-SRM-PER027029-S-AND-T-SR,Depot,1840309.63,B,Rationalize
DEP-SSET-SRM-PER027029-S-AND-T-SR,Depot,4861466.66,A,Rationalize
DEP-SSET-SRM-PER027029-S-AND-T-SR,Depot,1527875.0,B,Retain
DEP-SSET-SRM-PER027029-S-AND-T-SR,Depot,703950.0,B,Rationalize
DEP-SSET-SRM-PER027029-S-AND-T-SR,Depot,891423.68,B,Rationalize
DEP-SSET-SRM-PER027029-S-AND-T-SR,Depot,204319.35,C,Rationalize
DEP-SSET-SRM-PER027029-S-AND-T-SR,Depot,479094.36,C,Rationalize
DEP-SSET-SRM-PER027029-S-AND-T-SR,Depot,801699.52,B,Rationalize
DEP-SSET-SRM-PER027029-S-AND-T-SR,Depot,6795202.96,A,Rationalize
DEP-SSET-SRM-PER027029-S-AND-T-SR,Depot,161754.0,C,Rationalize
DEP-SSET-SRM-PER027029-S-AND-T-SR,Depot,1964118.0,B,Rationalize
DEP-SSET-SRM-PER027029-S-AND-T-SR,Depot,0.0,C,Retain
DEP-SSET-SRM-PER027029-S-AND-T-SR,Depot,473500.36,C,Dispose
DEP-SSET-SRM-PER027029-S-AND-T-SR,Depot,229089.32,C,Dispose
DEP-SSET-SRM-PER027029-S-AND-T-SR,Depot,242923.44,C,Dispose
DEP-SSET-SRM-PER027029-S-AND-T-SR,Depot,806042.85,B,Dispose
DEP-SSET-SRM-PER027029-S-AND-T-SR,Depot,5426496.79,A,Dispose
DEP-SSET-SRM-PER027029-S-AND-T-SR,Depot,3125000.0,A,Rationalize
DEP-SSET-SRM-PER027029-S-AND-T-SR,Depot,477548.4,C,Rationalize
DEP-SSET-SRM-PER027029-S-AND-T-SR,Depot,1840309.63,B,Rationalize
DEP-SSET-SRM-PER027029-S-AND-T-SR,Depot,2430733.33,A,Rationalize
DEP-SSET-SRM-PER027029-S-AND-T-SR,Depot,1100899.8,B,Rationalize
DEP-SSET-SRM-PER027029-S-AND-T-SR,Depot,308750.0,C,Rationalize
DEP-SSET-SRM-PER027029-S-AND-T-SR,Depot,1527878.9,B,Rationalize
DEP-SSET-SRM-PER027029-S-AND-T-SR,Depot,204319.35,C,Rationalize
DEP-SSET-SRM-PER027029-S-AND-T-SR,Depot,11546.1,C,Rationalize
DEP-SSET-SRM-PER027029-S-AND-T-SR,Depot,37390.95,C,Rationalize
DEP-SSET-SRM-PER027029-S-AND-T-SR,Depot,319396.24,C,Rationalize
DEP-SSET-SRM-PER027029-S-AND-T-SR,Depot,0.0,C,Monitor
DEP-SSET-SRM-PER027029-S-AND-T-SR,Depot,129800.0,C,Rationalize
DEP-SSET-SRM-PER027029-S-AND-T-SR,Depot,0.0,C,Rationalize
DEP-SSET-SRM-PER027029-S-AND-T-SR,Depot,0.0,C,Rationalize
DEP-SSET-SRM-PER027029-S-AND-T-SR,Depot,0.0,C,Rationalize
DEP-SSET-SRM-PER027029-S-AND-T-SR,Depot,0.0,C,Rationalize
DEP-SSET-SRM-PER027029-S-AND-T-SR,Depot,0.0,C,Rationalize
DEP-SSET-SRM-PER027029-S-AND-T-SR,Depot,0.0,C,Rationalize
DEP-SSET-SRM-PER027029-S-AND-T-SR,Depot,0.0,C,Rationalize
DEP-SSET-SRM-PER027029-S-AND-T-SR,Depot,0.0,C,Rationalize
DEP-SSET-SRM-PER027029-S-AND-T-SR,Depot,169200.0,C,Rationalize
DEP-SSET-SRM-PER027029-S-AND-T-SR,Depot,135339.38,C,Retain
DEP-SSET-SRM-PER027029-S-AND-T-SR,Depot,29775.0,C,Retain
DEP-SSET-SRM-PER027029-S-AND-T-SR,Depot,112252.36,C,Rationalize
DEP-SSET-SRM-PER027029-S-AND-T-SR,Depot,126000.0,C,Retain
DEP-SSET-SRM-PER027029-S-AND-T-SR,Depot,8200.0,C,Retain
DEP-SSET-SRM-PER027029-S-AND-T-SR,Depot,8730.0,C,Retain
DEP-SSET-SRM-PER027029-S-AND-T-SR,Depot,93500.0,C,Rationalize
DEP-SSET-SRM-PER027029-S-AND-T-SR,Depot,144000.0,C,Rationalize
DEP-SSET-SRM-PER027029-S-AND-T-SR,Depot,144000.0,C,Rationalize
DEP-SSET-SRM-PER027029-S-AND-T-SR,Depot,26700.0,C,Rationalize
DEP-SSET-SRM-PER027029-S-AND-T-SR,Depot,5700.0,C,Rationalize
DEP-SSET-SRM-PER027029-S-AND-T-SR,Depot,18560.0,C,Retain
DEP-SSET-SRM-PER027029-S-AND-T-SR,Depot,88400.0,C,Retain
DEP-SSET-SRM-PER027029-S-AND-T-SR,Depot,74100.0,C,Retain
DEP-SSET-SRM-PER027029-S-AND-T-SR,Depot,13475.0,C,Retain
DEP-SSET-SRM-PER027029-S-AND-T-SR,Depot,2546.25,C,Retain
DEP-SSET-SRM-PER027029-S-AND-T-SR,Depot,0.0,C,Retain
DEP-SSET-SRM-PER027029-S-AND-T-SR,Depot,257692.8,C,Retain
DEP-SSET-SRM-PER027029-S-AND-T-SR,Depot,123280.5,C,Rationalize
DEP-SSET-SRM-PER027029-S-AND-T-SR,Depot,853335.88,B,Retain
DEP-SSET-SRM-PER027029-S-AND-T-SR,Depot,208193.3,C,Rationalize
DEP-SSET-SRM-PER027029-S-AND-T-SR,Depot,926772.0,B,Rationalize
DEP-SSET-SRM-PER027029-S-AND-T-SR,Depot,0.0,C,Retain
DEP-SSET-SRM-PER027029-S-AND-T-SR,Depot,98841.6,C,Retain
DEP-SSET-SRM-PER027029-S-AND-T-SR,Depot,41975.0,C,Rationalize
DEP-SSET-SRM-PER027029-S-AND-T-SR,Depot,33559.12,C,Retain
DEP-SSET-SRM-PER027029-S-AND-T-SR,Depot,230813.81,C,Retain
DEP-SSET-SRM-PER027029-S-AND-T-SR,Depot,10240.0,C,Retain
DEP-SSET-SRM-PER027029-S-AND-T-SR,Depot,4160.0,C,Retain
DEP-SSET-SRM-PER027029-S-AND-T-SR,Depot,412500.0,C,Retain
DEP-SSET-SRM-PER027029-S-AND-T-SR,Depot,0.0,C,Rationalize
DEP-SSET-SRM-PER027029-S-AND-T-SR,Depot,0.0,C,Rationalize
DEP-SSET-SRM-PER027029-S-AND-T-SR,Depot,0.0,C,Rationalize
DEP-SSET-SRM-PER027029-S-AND-T-SR,Depot,0.0,C,Rationalize
DEP-SSET-SRM-PER027029-S-AND-T-SR,Depot,0.0,C,Rationalize
DEP-SSET-SRM-PER027029-S-AND-T-SR,Depot,0.0,C,Rationalize
DEP-SSET-SRM-PER027029-S-AND-T-SR,Depot,0.0,C,Rationalize
DEP-SSET-SRM-PER027029-S-AND-T-SR,Depot,2769.6,C,Rationalize
DEP-SSET-SRM-PER027029-S-AND-T-SR,Depot,0.0,C,Rationalize
DEP-SSET-SRM-PER027029-S-AND-T-SR,Depot,29960.0,C,Retain
DEP-SSET-SRM-PER027029-S-AND-T-SR,Depot,28520.0,C,Rationalize
DEP-SSET-SRM-PER027029-S-AND-T-SR,Depot,768000.0,B,Retain
DEP-SSET-SRM-PER027029-S-AND-T-SR,Depot,0.0,C,Rationalize
DEP-SSET-SRM-PER027029-S-AND-T-SR,Depot,0.0,C,Rationalize
DEP-SSET-SRM-PER027029-S-AND-T-SR,Depot,0.0,C,Rationalize
DEP-SSET-SRM-PER027029-S-AND-T-SR,Depot,0.0,C,Rationalize
DEP-SSET-SRM-PER027029-S-AND-T-SR,Depot,0.0,C,Rationalize
DEP-SSET-SRM-PER027029-S-AND-T-SR,Depot,0.0,C,Rationalize
DEP-SSET-SRM-PER027029-S-AND-T-SR,Depot,0.0,C,Rationalize
DEP-SSET-SRM-PER027029-S-AND-T-SR,Depot,0.0,C,Rationalize
DEP-SSET-SRM-PER027029-S-AND-T-SR,Depot,0.0,C,Rationalize
DEP-SSET-SRM-PER027029-S-AND-T-SR,Depot,68000.0,C,Rationalize
DEP-SSET-SRM-PER027029-S-AND-T-SR,Depot,0.0,C,Rationalize
DEP-SSET-SRM-PER027029-S-AND-T-SR,Depot,19440.0,C,Retain
DEP-SSET-SRM-PER027029-S-AND-T-SR,Depot,125440.0,C,Rationalize
DEP-SSET-SRM-PER027029-S-AND-T-SR,Depot,0.0,C,Rationalize
DEP-SSET-SRM-PER027029-S-AND-T-SR,Depot,0.0,C,Rationalize
DEP-SSET-SRM-PER027029-S-AND-T-SR,Depot,0.0,C,Rationalize
DEP-SSET-SRM-PER027029-S-AND-T-SR,Depot,0.0,C,Rationalize
DEP-SSET-SRM-PER027029-S-AND-T-SR,Depot,0.0,C,Rationalize
DEP-SSET-SRM-PER027029-S-AND-T-SR,Depot,43200.0,C,Rationalize
DEP-SSET-SRM-PER027029-S-AND-T-SR,Depot,31360.0,C,Rationalize
DEP-SSET-SRM-PER027029-S-AND-T-SR,Depot,427500.0,C,Rationalize
DEP-SSET-SRM-PER027029-S-AND-T-SR,Depot,248125.0,C,Rationalize
DEP-SSET-SRM-PER027029-S-AND-T-SR,Depot,20410.0,C,Rationalize
DEP-SSET-SRM-PER027029-S-AND-T-SR,Depot,57195.0,C,Rationalize
DEP-SSET-SRM-PER027029-S-AND-T-SR,Depot,41650.0,C,Rationalize
DEP-SSET-SRM-PER027029-S-AND-T-SR,Depot,3800.0,C,Rationalize
DEP-SSET-SRM-PER027029-S-AND-T-SR,Depot,801696.0,B,Rationalize
DEP-SSET-SRM-PER027029-S-AND-T-SR,Depot,49500.0,C,Rationalize
DEP-SSET-SRM-PER027029-S-AND-T-SR,Depot,41160.0,C,Rationalize
DEP-SSET-SRM-PER027029-S-AND-T-SR,Depot,31295.0,C,Rationalize
DEP-SSET-SRM-PER027029-S-AND-T-SR,Depot,12800.0,C,Rationalize
DEP-SSET-SRM-PER027029-S-AND-T-SR,Depot,2016000.0,B,Rationalize
DEP-SSET-SRM-PER027029-S-AND-T-SR,Depot,1435000.0,B,Retain
DEP-SSET-SRM-PER027029-S-AND-T-SR,Depot,132300.0,C,Retain
DEP-SSET-SRM-PER027029-S-AND-T-SR,Depot,9600.0,C,Retain
DEP-SSET-SRM-PER027029-S-AND-T-SR,Depot,625000.0,B,Retain
DEP-SSET-SRM-PER027029-S-AND-T-SR,Depot,1900.0,C,Retain
DEP-SSET-SRM-PER027029-S-AND-T-SR,Depot,382500.0,C,Retain
DEP-SSET-SRM-PER027029-S-AND-T-SR,Depot,1185110.0,B,Rationalize
DEP-SSET-SRM-PER027029-S-AND-T-SR,Depot,1921800.0,B,Rationalize
DEP-SSET-SRM-PER027029-S-AND-T-SR,Depot,33288.0,C,Retain
DEP-SSET-SRM-PER027029-S-AND-T-SR,Depot,0.0,C,Rationalize
DEP-SSET-SRM-PER027029-S-AND-T-SR,Depot,0.0,C,Rationalize
DEP-SSET-SRM-PER027029-S-AND-T-SR,Depot,7244.16,C,Retain
DEP-SSET-SRM-PER027029-S-AND-T-SR,Depot,41283.34,C,Retain
DEP-SSET-SRM-PER027029-S-AND-T-SR,Depot,0.0,C,Rationalize
DEP-SSET-SRM-PER027029-S-AND-T-SR,Depot,4000.0,C,Rationalize
DEP-SSET-SRM-PER027029-S-AND-T-SR,Depot,15000.0,C,Rationalize
DEP-SSET-SRM-PER027029-S-AND-T-SR,Depot,38000.0,C,Retain
DEP-SSET-SRM-PER027029-S-AND-T-SR,Depot,11000.0,C,Retain
DEP-SSET-SRM-PER027029-S-AND-T-SR,Depot,0.0,C,Rationalize
DEP-SSET-SRM-PER027029-S-AND-T-SR,Depot,0.0,C,Rationalize
DEP-SSET-SRM-PER027029-S-AND-T-SR,Depot,0.0,C,Retain
DEP-SSET-SRM-PER027029-S-AND-T-SR,Depot,49500.0,C,Retain
DEP-SSET-SRM-PER027029-S-AND-T-SR,Depot,228259.2,C,Retain
DEP-SSET-SRM-PER027029-S-AND-T-SR,Depot,1527000.0,B,Retain
DEP-SSET-SRM-PER027029-S-AND-T-SR,Depot,425497.2,C,Retain
DEP-SSET-SRM-PER027029-S-AND-T-SR,Depot,2817056.38,A,Retain
DEP-SSET-SRM-PER027029-S-AND-T-SR,Depot,2206795.78,A,Retain
DEP-SSET-SRM-PER027029-S-AND-T-SR,Depot,1680798.56,B,Retain
DEP-SSET-SRM-PER027029-S-AND-T-SR,Depot,117610.0,C,Rationalize
DEP-SSET-SRM-PER027029-S-AND-T-SR,Depot,4554000.0,A,Rationalize
DEP-SSET-SRM-PER027029-S-AND-T-SR,Depot,2427480.0,A,Retain
DEP-SSET-SRM-PER027029-S-AND-T-SR,Depot,16740.0,C,Retain
DEP-SSET-SRM-PER027029-S-AND-T-SR,Depot,106875.0,C,Retain
DEP-SSET-SRM-PER027029-S-AND-T-SR,Depot,0.0,C,Retain
DEP-SSET-SRM-PER027029-S-AND-T-SR,Depot,10800.0,C,Retain
DEP-SSET-SRM-PER027029-S-AND-T-SR,Depot,363216.0,C,Retain
DEP-SSET-SRM-PER027029-S-AND-T-SR,Depot,379348.2,C,Retain
DEP-SSET-SRM-PER027029-S-AND-T-SR,Depot,5947.5,C,Retain
DEP-SSET-SRM-PER027029-S-AND-T-SR,Depot,1301265.0,B,Retain
DEP-SSET-SRM-PER027029-S-AND-T-SR,Depot,678180.0,B,Retain
DEP-SSET-SRM-PER027029-S-AND-T-SR,Depot,760725.0,B,Retain
DEP-SSET-SRM-PER027029-S-AND-T-SR,Depot,922181.0,B,Retain
DEP-SSET-SRM-PER027029-S-AND-T-SR,Depot,728096.15,B,Retain
DEP-SSET-SRM-PER027029-S-AND-T-SR,Depot,353240.4,C,Retain
DEP-SSET-SRM-PER027029-S-AND-T-SR,Depot,1434454.8,B,Retain
DEP-SSET-SRM-PER027029-S-AND-T-SR,Depot,75000.0,C,Retain
DEP-SSET-SRM-PER027029-S-AND-T-SR,Depot,156960.0,C,Retain
DEP-SSET-SRM-PER027029-S-AND-T-SR,Depot,0.0,C,Retain
DEP-SSET-SRM-PER027029-S-AND-T-SR,Depot,230880.0,C,Retain
DEP-SSET-SRM-PER027029-S-AND-T-SR,Depot,257212.31,C,Retain
DEP-SSET-SRM-PER027029-S-AND-T-SR,Depot,324500.0,C,Retain
DEP-SSET-SRM-PER027029-S-AND-T-SR,Depot,174600.0,C,Retain
DEP-SSET-SRM-PER027029-S-AND-T-SR,Depot,264000.0,C,Retain
DEP-SSET-SRM-PER027029-S-AND-T-SR,Depot,4920656.0,A,Retain
DEP-SSET-SRM-PER027029-S-AND-T-SR,Depot,13906824.0,A,Retain
DEP-SSET-SRM-PER027029-S-AND-T-SR,Depot,190900.0,C,Retain
DEP-SSET-SRM-PER027029-S-AND-T-SR,Depot,17385.0,C,Retain
DEP-SSET-SRM-PER027029-S-AND-T-SR,Depot,329282.0,C,Retain
DEP-SSET-SRM-PER027029-S-AND-T-SR,Depot,0.0,C,Retain
DEP-SSET-SRM-PER027029-S-AND-T-SR,Depot,0.0,C,Retain
DEP-SSET-SRM-PER027029-S-AND-T-SR,Depot,0.0,C,Retain
DEP-SSET-SRM-PER027029-S-AND-T-SR,Depot,0.0,C,Retain
DEP-SSET-SRM-PER027029-S-AND-T-SR,Depot,0.0,C,Retain
DEP-SSET-SRM-PER027029-S-AND-T-SR,Depot,0.0,C,Retain
DEP-SSET-SRM-PER027029-S-AND-T-SR,Depot,0.0,C,Retain
DEP-SSET-SRM-PER027029-S-AND-T-SR,Depot,1786000.0,B,Rationalize
DEP-SSET-SRM-PER027029-S-AND-T-SR,Depot,162000.0,C,Rationalize
DEP-SSET-SRM-PER027029-S-AND-T-SR,Depot,0.0,C,Retain
DEP-SSET-SRM-PER027029-S-AND-T-SR,Depot,721593.6,B,Retain
DEP-SSET-SRM-PER027029-S-AND-T-SR,Depot,6290816.0,A,Retain
DEP-SSET-SRM-PER027029-S-AND-T-SR,Depot,158592.0,C,Retain
DEP-SSET-SRM-PER027029-S-AND-T-SR,Depot,18608.0,C,Retain
DEP-SSET-SRM-PER027029-S-AND-T-SR,Depot,133266.7,C,Retain
DEP-SSET-SRM-PER027029-S-AND-T-SR,Depot,141183.4,C,Retain
DEP-SSET-SRM-PER027029-S-AND-T-SR,Depot,264320.0,C,Retain
DEP-SSET-SRM-PER027029-S-AND-T-SR,Depot,203526.4,C,Retain
DEP-SSET-SRM-PER027029-S-AND-T-SR,Depot,109032.0,C,Retain
DEP-SSET-SRM-PER027029-S-AND-T-SR,Depot,116297.5,C,Retain
DEP-SSET-SRM-PER027029-S-AND-T-SR,Depot,285465.6,C,Retain
DEP-SSET-SRM-PER027029-S-AND-T-SR,Depot,89208.0,C,Retain
DEP-SSET-SRM-PER027029-S-AND-T-SR,Depot,199897.5,C,Retain
DEP-SSET-SRM-PER027029-S-AND-T-SR,Depot,515424.0,C,Retain
DEP-SSET-SRM-PER027029-S-AND-T-SR,Depot,875560.0,B,Retain
DEP-SSET-SRM-PER027029-S-AND-T-SR,Depot,9912.0,C,Retain
DEP-SSET-SRM-PER027029-S-AND-T-SR,Depot,199120.0,C,Retain
DEP-SSET-SRM-PER027029-S-AND-T-SR,Depot,114460.0,C,Retain
DEP-SSET-SRM-PER027029-S-AND-T-SR,Depot,23800.0,C,Retain
DEP-SSET-SRM-PER027029-S-AND-T-SR,Depot,44500.0,C,Retain
DEP-SSET-SRM-PER027029-S-AND-T-SR,Depot,1276700.0,B,Retain
DEP-SSET-SRM-PER027029-S-AND-T-SR,Depot,1350000.0,B,Retain
DEP-SSET-SRM-PER027029-S-AND-T-SR,Depot,900000.0,B,Retain
DEP-SSET-SRM-PER027029-S-AND-T-SR,Depot,50605.0,C,Retain
DEP-SSET-SRM-PER027029-S-AND-T-SR,Depot,288585.0,C,Retain
DEP-SSET-SRM-PER027029-S-AND-T-SR,Depot,52823383.0,A,Retain
DEP-SSET-SRM-PER027029-S-AND-T-SR,Depot,12351732.0,A,Retain
DEP-SSET-SRM-PER027029-S-AND-T-SR,Depot,0.0,C,Monitor
DEP-SSET-SRM-PER027029-S-AND-T-SR,Depot,0.0,C,Monitor
DEP-SSET-SRM-PER027029-S-AND-T-SR,Depot,0.0,C,Monitor
DEP-SSET-SRM-PER027029-S-AND-T-SR,Depot,0.0,C,Monitor
DEP-SSET-SRM-PER027029-S-AND-T-SR,Depot,0.0,C,Monitor
DEP-SSET-SRM-PER027029-S-AND-T-SR,Depot,0.0,C,Monitor
DEP-SSET-SRM-PER027029-S-AND-T-SR,Depot,0.0,C,Monitor
DEP-SSET-SRM-PER027029-S-AND-T-SR,Depot,0.0,C,Monitor
DEP-SSET-SRM-PER027029-S-AND-T-SR,Depot,0.0,C,Monitor
DEP-SSET-SRM-PER027029-S-AND-T-SR,Depot,0.0,C,Monitor
DEP-SSET-SRM-PER027029-S-AND-T-SR,Depot,0.0,C,Monitor
DEP-SSET-SRM-PER027029-S-AND-T-SR,Depot,0.0,C,Monitor
DEP-SSET-SRM-PER027029-S-AND-T-SR,Depot,0.0,C,Monitor
